info/source_file,info/source_line,landmark,location,orientation_in_landmark,ltr,sequence,sequence_junction,info/replicate,info/replicates,sample/pubmed_id,sample/tissue,sample/tissue_url,sample/clone,environment,source_name
data/09-2014/sites/BCL-2-6-18.sites,69,chr1,1246652,R,5p,,,1,1,26912621,"Primary CD4+ T cells (Bcl-2 transduced)",https://www.ncbi.nlm.nih.gov/pmc/articles/PMC4378543/,,"in vitro",Sunshine-2016-JVI
data/09-2014/sites/BCL-2-6-18.sites,3,chr1,36451220,R,5p,,,1,1,26912621,"Primary CD4+ T cells (Bcl-2 transduced)",https://www.ncbi.nlm.nih.gov/pmc/articles/PMC4378543/,,"in vitro",Sunshine-2016-JVI
data/09-2014/sites/BCL-2-6-18.sites,43,chr1,44148657,F,5p,,,1,1,26912621,"Primary CD4+ T cells (Bcl-2 transduced)",https://www.ncbi.nlm.nih.gov/pmc/articles/PMC4378543/,,"in vitro",Sunshine-2016-JVI
data/09-2014/sites/BCL-2-6-18.sites,119,chr1,198575352,F,5p,,,1,1,26912621,"Primary CD4+ T cells (Bcl-2 transduced)",https://www.ncbi.nlm.nih.gov/pmc/articles/PMC4378543/,,"in vitro",Sunshine-2016-JVI
data/09-2014/sites/BCL-2-6-18.sites,12,chr11,66917283,F,5p,,,1,1,26912621,"Primary CD4+ T cells (Bcl-2 transduced)",https://www.ncbi.nlm.nih.gov/pmc/articles/PMC4378543/,,"in vitro",Sunshine-2016-JVI
data/09-2014/sites/BCL-2-6-18.sites,147,chr11,81596143,R,5p,,,1,1,26912621,"Primary CD4+ T cells (Bcl-2 transduced)",https://www.ncbi.nlm.nih.gov/pmc/articles/PMC4378543/,,"in vitro",Sunshine-2016-JVI
data/09-2014/sites/BCL-2-6-18.sites,21,chr11,88044449,F,5p,,,1,1,26912621,"Primary CD4+ T cells (Bcl-2 transduced)",https://www.ncbi.nlm.nih.gov/pmc/articles/PMC4378543/,,"in vitro",Sunshine-2016-JVI
data/09-2014/sites/BCL-2-6-18.sites,120,chr12,4296983,R,5p,,,1,1,26912621,"Primary CD4+ T cells (Bcl-2 transduced)",https://www.ncbi.nlm.nih.gov/pmc/articles/PMC4378543/,,"in vitro",Sunshine-2016-JVI
data/09-2014/sites/BCL-2-6-18.sites,131,chr12,57464337,R,5p,,,1,1,26912621,"Primary CD4+ T cells (Bcl-2 transduced)",https://www.ncbi.nlm.nih.gov/pmc/articles/PMC4378543/,,"in vitro",Sunshine-2016-JVI
data/09-2014/sites/BCL-2-6-18.sites,6,chr12,113691951,F,5p,,,1,1,26912621,"Primary CD4+ T cells (Bcl-2 transduced)",https://www.ncbi.nlm.nih.gov/pmc/articles/PMC4378543/,,"in vitro",Sunshine-2016-JVI
data/09-2014/sites/BCL-2-6-18.sites,53,chr12,121318070,R,5p,,,1,1,26912621,"Primary CD4+ T cells (Bcl-2 transduced)",https://www.ncbi.nlm.nih.gov/pmc/articles/PMC4378543/,,"in vitro",Sunshine-2016-JVI
data/09-2014/sites/BCL-2-6-18.sites,58,chr13,60680597,F,5p,,,1,1,26912621,"Primary CD4+ T cells (Bcl-2 transduced)",https://www.ncbi.nlm.nih.gov/pmc/articles/PMC4378543/,,"in vitro",Sunshine-2016-JVI
data/09-2014/sites/BCL-2-6-18.sites,112,chr14,52336155,F,5p,,,1,1,26912621,"Primary CD4+ T cells (Bcl-2 transduced)",https://www.ncbi.nlm.nih.gov/pmc/articles/PMC4378543/,,"in vitro",Sunshine-2016-JVI
data/09-2014/sites/BCL-2-6-18.sites,20,chr14,81658714,F,5p,,,1,1,26912621,"Primary CD4+ T cells (Bcl-2 transduced)",https://www.ncbi.nlm.nih.gov/pmc/articles/PMC4378543/,,"in vitro",Sunshine-2016-JVI
data/09-2014/sites/BCL-2-6-18.sites,28,chr15,44101015,R,5p,,,1,1,26912621,"Primary CD4+ T cells (Bcl-2 transduced)",https://www.ncbi.nlm.nih.gov/pmc/articles/PMC4378543/,,"in vitro",Sunshine-2016-JVI
data/09-2014/sites/BCL-2-6-18.sites,74,chr15,64850938,R,5p,,,1,1,26912621,"Primary CD4+ T cells (Bcl-2 transduced)",https://www.ncbi.nlm.nih.gov/pmc/articles/PMC4378543/,,"in vitro",Sunshine-2016-JVI
data/09-2014/sites/BCL-2-6-18.sites,35,chr15,101126873,F,5p,,,1,1,26912621,"Primary CD4+ T cells (Bcl-2 transduced)",https://www.ncbi.nlm.nih.gov/pmc/articles/PMC4378543/,,"in vitro",Sunshine-2016-JVI
data/09-2014/sites/BCL-2-6-18.sites,178,chr16,2311528,F,3p,,,1,1,26912621,"Primary CD4+ T cells (Bcl-2 transduced)",https://www.ncbi.nlm.nih.gov/pmc/articles/PMC4378543/,,"in vitro",Sunshine-2016-JVI
data/09-2014/sites/BCL-2-6-18.sites,9,chr16,28182077,F,5p,,,1,1,26912621,"Primary CD4+ T cells (Bcl-2 transduced)",https://www.ncbi.nlm.nih.gov/pmc/articles/PMC4378543/,,"in vitro",Sunshine-2016-JVI
data/09-2014/sites/BCL-2-6-18.sites,10,chr17,17959982,F,5p,,,1,1,26912621,"Primary CD4+ T cells (Bcl-2 transduced)",https://www.ncbi.nlm.nih.gov/pmc/articles/PMC4378543/,,"in vitro",Sunshine-2016-JVI
data/09-2014/sites/BCL-2-6-18.sites,55,chr17,41349838,F,5p,,,1,1,26912621,"Primary CD4+ T cells (Bcl-2 transduced)",https://www.ncbi.nlm.nih.gov/pmc/articles/PMC4378543/,,"in vitro",Sunshine-2016-JVI
data/09-2014/sites/BCL-2-6-18.sites,56,chr17,42519322,F,5p,,,1,1,26912621,"Primary CD4+ T cells (Bcl-2 transduced)",https://www.ncbi.nlm.nih.gov/pmc/articles/PMC4378543/,,"in vitro",Sunshine-2016-JVI
data/09-2014/sites/BCL-2-6-18.sites,16,chr17,60024645,R,5p,,,1,1,26912621,"Primary CD4+ T cells (Bcl-2 transduced)",https://www.ncbi.nlm.nih.gov/pmc/articles/PMC4378543/,,"in vitro",Sunshine-2016-JVI
data/09-2014/sites/BCL-2-6-18.sites,106,chr17,63736036,R,5p,,,1,1,26912621,"Primary CD4+ T cells (Bcl-2 transduced)",https://www.ncbi.nlm.nih.gov/pmc/articles/PMC4378543/,,"in vitro",Sunshine-2016-JVI
data/09-2014/sites/BCL-2-6-18.sites,113,chr17,73293508,F,5p,,,1,1,26912621,"Primary CD4+ T cells (Bcl-2 transduced)",https://www.ncbi.nlm.nih.gov/pmc/articles/PMC4378543/,,"in vitro",Sunshine-2016-JVI
data/09-2014/sites/BCL-2-6-18.sites,8,chr17,74184479,F,5p,,,1,1,26912621,"Primary CD4+ T cells (Bcl-2 transduced)",https://www.ncbi.nlm.nih.gov/pmc/articles/PMC4378543/,,"in vitro",Sunshine-2016-JVI
data/09-2014/sites/BCL-2-6-18.sites,127,chr17,76151786,R,5p,,,1,1,26912621,"Primary CD4+ T cells (Bcl-2 transduced)",https://www.ncbi.nlm.nih.gov/pmc/articles/PMC4378543/,,"in vitro",Sunshine-2016-JVI
data/09-2014/sites/BCL-2-6-18.sites,176,chr17,78929533,F,5p,,,1,1,26912621,"Primary CD4+ T cells (Bcl-2 transduced)",https://www.ncbi.nlm.nih.gov/pmc/articles/PMC4378543/,,"in vitro",Sunshine-2016-JVI
data/09-2014/sites/BCL-2-6-18.sites,73,chr17,79244629,F,5p,,,1,1,26912621,"Primary CD4+ T cells (Bcl-2 transduced)",https://www.ncbi.nlm.nih.gov/pmc/articles/PMC4378543/,,"in vitro",Sunshine-2016-JVI
data/09-2014/sites/BCL-2-6-18.sites,15,chr17,79553108,F,5p,,,1,1,26912621,"Primary CD4+ T cells (Bcl-2 transduced)",https://www.ncbi.nlm.nih.gov/pmc/articles/PMC4378543/,,"in vitro",Sunshine-2016-JVI
data/09-2014/sites/BCL-2-6-18.sites,70,chr17,79814615,R,5p,,,1,1,26912621,"Primary CD4+ T cells (Bcl-2 transduced)",https://www.ncbi.nlm.nih.gov/pmc/articles/PMC4378543/,,"in vitro",Sunshine-2016-JVI
data/09-2014/sites/BCL-2-6-18.sites,41,chr18,2966680,R,5p,,,1,1,26912621,"Primary CD4+ T cells (Bcl-2 transduced)",https://www.ncbi.nlm.nih.gov/pmc/articles/PMC4378543/,,"in vitro",Sunshine-2016-JVI
data/09-2014/sites/BCL-2-6-18.sites,158,chr18,60795855,R,5p,,,1,16,26912621,"Primary CD4+ T cells (Bcl-2 transduced)",https://www.ncbi.nlm.nih.gov/pmc/articles/PMC4378543/,,"in vitro",Sunshine-2016-JVI
data/09-2014/sites/BCL-2-6-18.sites,159,chr18,60795855,R,5p,,,2,16,26912621,"Primary CD4+ T cells (Bcl-2 transduced)",https://www.ncbi.nlm.nih.gov/pmc/articles/PMC4378543/,,"in vitro",Sunshine-2016-JVI
data/09-2014/sites/BCL-2-6-18.sites,160,chr18,60795855,R,5p,,,3,16,26912621,"Primary CD4+ T cells (Bcl-2 transduced)",https://www.ncbi.nlm.nih.gov/pmc/articles/PMC4378543/,,"in vitro",Sunshine-2016-JVI
data/09-2014/sites/BCL-2-6-18.sites,161,chr18,60795855,R,5p,,,4,16,26912621,"Primary CD4+ T cells (Bcl-2 transduced)",https://www.ncbi.nlm.nih.gov/pmc/articles/PMC4378543/,,"in vitro",Sunshine-2016-JVI
data/09-2014/sites/BCL-2-6-18.sites,162,chr18,60795855,R,5p,,,5,16,26912621,"Primary CD4+ T cells (Bcl-2 transduced)",https://www.ncbi.nlm.nih.gov/pmc/articles/PMC4378543/,,"in vitro",Sunshine-2016-JVI
data/09-2014/sites/BCL-2-6-18.sites,163,chr18,60795855,R,5p,,,6,16,26912621,"Primary CD4+ T cells (Bcl-2 transduced)",https://www.ncbi.nlm.nih.gov/pmc/articles/PMC4378543/,,"in vitro",Sunshine-2016-JVI
data/09-2014/sites/BCL-2-6-18.sites,164,chr18,60795855,R,5p,,,7,16,26912621,"Primary CD4+ T cells (Bcl-2 transduced)",https://www.ncbi.nlm.nih.gov/pmc/articles/PMC4378543/,,"in vitro",Sunshine-2016-JVI
data/09-2014/sites/BCL-2-6-18.sites,165,chr18,60795855,R,5p,,,8,16,26912621,"Primary CD4+ T cells (Bcl-2 transduced)",https://www.ncbi.nlm.nih.gov/pmc/articles/PMC4378543/,,"in vitro",Sunshine-2016-JVI
data/09-2014/sites/BCL-2-6-18.sites,166,chr18,60795855,R,5p,,,9,16,26912621,"Primary CD4+ T cells (Bcl-2 transduced)",https://www.ncbi.nlm.nih.gov/pmc/articles/PMC4378543/,,"in vitro",Sunshine-2016-JVI
data/09-2014/sites/BCL-2-6-18.sites,167,chr18,60795855,R,5p,,,10,16,26912621,"Primary CD4+ T cells (Bcl-2 transduced)",https://www.ncbi.nlm.nih.gov/pmc/articles/PMC4378543/,,"in vitro",Sunshine-2016-JVI
data/09-2014/sites/BCL-2-6-18.sites,168,chr18,60795855,R,5p,,,11,16,26912621,"Primary CD4+ T cells (Bcl-2 transduced)",https://www.ncbi.nlm.nih.gov/pmc/articles/PMC4378543/,,"in vitro",Sunshine-2016-JVI
data/09-2014/sites/BCL-2-6-18.sites,169,chr18,60795855,R,5p,,,12,16,26912621,"Primary CD4+ T cells (Bcl-2 transduced)",https://www.ncbi.nlm.nih.gov/pmc/articles/PMC4378543/,,"in vitro",Sunshine-2016-JVI
data/09-2014/sites/BCL-2-6-18.sites,170,chr18,60795855,R,5p,,,13,16,26912621,"Primary CD4+ T cells (Bcl-2 transduced)",https://www.ncbi.nlm.nih.gov/pmc/articles/PMC4378543/,,"in vitro",Sunshine-2016-JVI
data/09-2014/sites/BCL-2-6-18.sites,171,chr18,60795855,R,5p,,,14,16,26912621,"Primary CD4+ T cells (Bcl-2 transduced)",https://www.ncbi.nlm.nih.gov/pmc/articles/PMC4378543/,,"in vitro",Sunshine-2016-JVI
data/09-2014/sites/BCL-2-6-18.sites,172,chr18,60795855,R,5p,,,15,16,26912621,"Primary CD4+ T cells (Bcl-2 transduced)",https://www.ncbi.nlm.nih.gov/pmc/articles/PMC4378543/,,"in vitro",Sunshine-2016-JVI
data/09-2014/sites/BCL-2-6-18.sites,173,chr18,60795855,R,5p,,,16,16,26912621,"Primary CD4+ T cells (Bcl-2 transduced)",https://www.ncbi.nlm.nih.gov/pmc/articles/PMC4378543/,,"in vitro",Sunshine-2016-JVI
data/09-2014/sites/BCL-2-6-18.sites,81,chr19,1405242,F,5p,,,1,1,26912621,"Primary CD4+ T cells (Bcl-2 transduced)",https://www.ncbi.nlm.nih.gov/pmc/articles/PMC4378543/,,"in vitro",Sunshine-2016-JVI
data/09-2014/sites/BCL-2-6-18.sites,11,chr19,3555171,R,5p,,,1,1,26912621,"Primary CD4+ T cells (Bcl-2 transduced)",https://www.ncbi.nlm.nih.gov/pmc/articles/PMC4378543/,,"in vitro",Sunshine-2016-JVI
data/09-2014/sites/BCL-2-6-18.sites,59,chr19,18692397,R,5p,,,1,1,26912621,"Primary CD4+ T cells (Bcl-2 transduced)",https://www.ncbi.nlm.nih.gov/pmc/articles/PMC4378543/,,"in vitro",Sunshine-2016-JVI
data/09-2014/sites/BCL-2-6-18.sites,68,chr19,35766579,F,5p,,,1,1,26912621,"Primary CD4+ T cells (Bcl-2 transduced)",https://www.ncbi.nlm.nih.gov/pmc/articles/PMC4378543/,,"in vitro",Sunshine-2016-JVI
data/09-2014/sites/BCL-2-6-18.sites,104,chr19,36243633,R,5p,,,1,1,26912621,"Primary CD4+ T cells (Bcl-2 transduced)",https://www.ncbi.nlm.nih.gov/pmc/articles/PMC4378543/,,"in vitro",Sunshine-2016-JVI
data/09-2014/sites/BCL-2-6-18.sites,49,chr19,42065591,R,5p,,,1,2,26912621,"Primary CD4+ T cells (Bcl-2 transduced)",https://www.ncbi.nlm.nih.gov/pmc/articles/PMC4378543/,,"in vitro",Sunshine-2016-JVI
data/09-2014/sites/BCL-2-6-18.sites,62,chr19,42065591,R,5p,,,2,2,26912621,"Primary CD4+ T cells (Bcl-2 transduced)",https://www.ncbi.nlm.nih.gov/pmc/articles/PMC4378543/,,"in vitro",Sunshine-2016-JVI
data/09-2014/sites/BCL-2-6-18.sites,138,chr19,44265291,F,5p,,,1,1,26912621,"Primary CD4+ T cells (Bcl-2 transduced)",https://www.ncbi.nlm.nih.gov/pmc/articles/PMC4378543/,,"in vitro",Sunshine-2016-JVI
data/09-2014/sites/BCL-2-6-18.sites,71,chr19,50893503,R,5p,,,1,1,26912621,"Primary CD4+ T cells (Bcl-2 transduced)",https://www.ncbi.nlm.nih.gov/pmc/articles/PMC4378543/,,"in vitro",Sunshine-2016-JVI
data/09-2014/sites/BCL-2-6-18.sites,44,chr2,157351161,F,5p,,,1,1,26912621,"Primary CD4+ T cells (Bcl-2 transduced)",https://www.ncbi.nlm.nih.gov/pmc/articles/PMC4378543/,,"in vitro",Sunshine-2016-JVI
data/09-2014/sites/BCL-2-6-18.sites,39,chr2,190863048,R,5p,,,1,1,26912621,"Primary CD4+ T cells (Bcl-2 transduced)",https://www.ncbi.nlm.nih.gov/pmc/articles/PMC4378543/,,"in vitro",Sunshine-2016-JVI
data/09-2014/sites/BCL-2-6-18.sites,7,chr2,197710864,F,5p,,,1,1,26912621,"Primary CD4+ T cells (Bcl-2 transduced)",https://www.ncbi.nlm.nih.gov/pmc/articles/PMC4378543/,,"in vitro",Sunshine-2016-JVI
data/09-2014/sites/BCL-2-6-18.sites,153,chr2,230371372,F,5p,,,1,1,26912621,"Primary CD4+ T cells (Bcl-2 transduced)",https://www.ncbi.nlm.nih.gov/pmc/articles/PMC4378543/,,"in vitro",Sunshine-2016-JVI
data/09-2014/sites/BCL-2-6-18.sites,57,chr21,47888940,F,5p,,,1,1,26912621,"Primary CD4+ T cells (Bcl-2 transduced)",https://www.ncbi.nlm.nih.gov/pmc/articles/PMC4378543/,,"in vitro",Sunshine-2016-JVI
data/09-2014/sites/BCL-2-6-18.sites,72,chr21,47898723,F,5p,,,1,1,26912621,"Primary CD4+ T cells (Bcl-2 transduced)",https://www.ncbi.nlm.nih.gov/pmc/articles/PMC4378543/,,"in vitro",Sunshine-2016-JVI
data/09-2014/sites/BCL-2-6-18.sites,47,chr22,38358800,R,5p,,,1,1,26912621,"Primary CD4+ T cells (Bcl-2 transduced)",https://www.ncbi.nlm.nih.gov/pmc/articles/PMC4378543/,,"in vitro",Sunshine-2016-JVI
data/09-2014/sites/BCL-2-6-18.sites,4,chr22,42482847,R,5p,,,1,1,26912621,"Primary CD4+ T cells (Bcl-2 transduced)",https://www.ncbi.nlm.nih.gov/pmc/articles/PMC4378543/,,"in vitro",Sunshine-2016-JVI
data/09-2014/sites/BCL-2-6-18.sites,118,chr3,51462603,R,5p,,,1,1,26912621,"Primary CD4+ T cells (Bcl-2 transduced)",https://www.ncbi.nlm.nih.gov/pmc/articles/PMC4378543/,,"in vitro",Sunshine-2016-JVI
data/09-2014/sites/BCL-2-6-18.sites,66,chr3,124944654,F,5p,,,1,1,26912621,"Primary CD4+ T cells (Bcl-2 transduced)",https://www.ncbi.nlm.nih.gov/pmc/articles/PMC4378543/,,"in vitro",Sunshine-2016-JVI
data/09-2014/sites/BCL-2-6-18.sites,95,chr4,103225055,R,5p,,,1,1,26912621,"Primary CD4+ T cells (Bcl-2 transduced)",https://www.ncbi.nlm.nih.gov/pmc/articles/PMC4378543/,,"in vitro",Sunshine-2016-JVI
data/09-2014/sites/BCL-2-6-18.sites,60,chr5,43645568,F,5p,,,1,1,26912621,"Primary CD4+ T cells (Bcl-2 transduced)",https://www.ncbi.nlm.nih.gov/pmc/articles/PMC4378543/,,"in vitro",Sunshine-2016-JVI
data/09-2014/sites/BCL-2-6-18.sites,151,chr5,108654560,R,5p,,,1,1,26912621,"Primary CD4+ T cells (Bcl-2 transduced)",https://www.ncbi.nlm.nih.gov/pmc/articles/PMC4378543/,,"in vitro",Sunshine-2016-JVI
data/09-2014/sites/BCL-2-6-18.sites,154,chr5,116760405,R,5p,,,1,1,26912621,"Primary CD4+ T cells (Bcl-2 transduced)",https://www.ncbi.nlm.nih.gov/pmc/articles/PMC4378543/,,"in vitro",Sunshine-2016-JVI
data/09-2014/sites/BCL-2-6-18.sites,124,chr5,142788604,F,5p,,,1,1,26912621,"Primary CD4+ T cells (Bcl-2 transduced)",https://www.ncbi.nlm.nih.gov/pmc/articles/PMC4378543/,,"in vitro",Sunshine-2016-JVI
data/09-2014/sites/BCL-2-6-18.sites,111,chr5,154295631,R,5p,,,1,1,26912621,"Primary CD4+ T cells (Bcl-2 transduced)",https://www.ncbi.nlm.nih.gov/pmc/articles/PMC4378543/,,"in vitro",Sunshine-2016-JVI
data/09-2014/sites/BCL-2-6-18.sites,38,chr5,176979044,F,5p,,,1,1,26912621,"Primary CD4+ T cells (Bcl-2 transduced)",https://www.ncbi.nlm.nih.gov/pmc/articles/PMC4378543/,,"in vitro",Sunshine-2016-JVI
data/09-2014/sites/BCL-2-6-18.sites,32,chr5,180679875,R,5p,,,1,1,26912621,"Primary CD4+ T cells (Bcl-2 transduced)",https://www.ncbi.nlm.nih.gov/pmc/articles/PMC4378543/,,"in vitro",Sunshine-2016-JVI
data/09-2014/sites/BCL-2-6-18.sites,89,chr6,152497744,F,5p,,,1,1,26912621,"Primary CD4+ T cells (Bcl-2 transduced)",https://www.ncbi.nlm.nih.gov/pmc/articles/PMC4378543/,,"in vitro",Sunshine-2016-JVI
data/09-2014/sites/BCL-2-6-18.sites,30,chr7,7961607,F,5p,,,1,1,26912621,"Primary CD4+ T cells (Bcl-2 transduced)",https://www.ncbi.nlm.nih.gov/pmc/articles/PMC4378543/,,"in vitro",Sunshine-2016-JVI
data/09-2014/sites/BCL-2-6-18.sites,87,chr7,33714288,R,5p,,,1,1,26912621,"Primary CD4+ T cells (Bcl-2 transduced)",https://www.ncbi.nlm.nih.gov/pmc/articles/PMC4378543/,,"in vitro",Sunshine-2016-JVI
data/09-2014/sites/BCL-2-6-18.sites,19,chr7,44094370,F,5p,,,1,1,26912621,"Primary CD4+ T cells (Bcl-2 transduced)",https://www.ncbi.nlm.nih.gov/pmc/articles/PMC4378543/,,"in vitro",Sunshine-2016-JVI
data/09-2014/sites/BCL-2-6-18.sites,2,chr7,99813542,R,5p,,,1,1,26912621,"Primary CD4+ T cells (Bcl-2 transduced)",https://www.ncbi.nlm.nih.gov/pmc/articles/PMC4378543/,,"in vitro",Sunshine-2016-JVI
data/09-2014/sites/BCL-2-6-18.sites,18,chr7,138788334,R,5p,,,1,1,26912621,"Primary CD4+ T cells (Bcl-2 transduced)",https://www.ncbi.nlm.nih.gov/pmc/articles/PMC4378543/,,"in vitro",Sunshine-2016-JVI
data/09-2014/sites/BCL-2-6-18.sites,42,chr7,149138415,F,5p,,,1,1,26912621,"Primary CD4+ T cells (Bcl-2 transduced)",https://www.ncbi.nlm.nih.gov/pmc/articles/PMC4378543/,,"in vitro",Sunshine-2016-JVI
data/09-2014/sites/BCL-2-6-18.sites,102,chr8,109906782,F,5p,,,1,1,26912621,"Primary CD4+ T cells (Bcl-2 transduced)",https://www.ncbi.nlm.nih.gov/pmc/articles/PMC4378543/,,"in vitro",Sunshine-2016-JVI
data/09-2014/sites/BCL-2-6-18.sites,52,chr8,133751878,F,5p,,,1,1,26912621,"Primary CD4+ T cells (Bcl-2 transduced)",https://www.ncbi.nlm.nih.gov/pmc/articles/PMC4378543/,,"in vitro",Sunshine-2016-JVI
data/09-2014/sites/BCL-2-6-18.sites,64,chr9,35085168,F,5p,,,1,1,26912621,"Primary CD4+ T cells (Bcl-2 transduced)",https://www.ncbi.nlm.nih.gov/pmc/articles/PMC4378543/,,"in vitro",Sunshine-2016-JVI
data/09-2014/sites/BCL-2-6-18.sites,77,chr9,130937917,R,5p,,,1,1,26912621,"Primary CD4+ T cells (Bcl-2 transduced)",https://www.ncbi.nlm.nih.gov/pmc/articles/PMC4378543/,,"in vitro",Sunshine-2016-JVI
data/09-2014/sites/BCL-2-6-18.sites,150,chr9,131455796,F,5p,,,1,1,26912621,"Primary CD4+ T cells (Bcl-2 transduced)",https://www.ncbi.nlm.nih.gov/pmc/articles/PMC4378543/,,"in vitro",Sunshine-2016-JVI
data/09-2014/sites/BCL-2-6-18.sites,175,chr9,139306981,F,5p,,,1,1,26912621,"Primary CD4+ T cells (Bcl-2 transduced)",https://www.ncbi.nlm.nih.gov/pmc/articles/PMC4378543/,,"in vitro",Sunshine-2016-JVI
data/09-2014/sites/BCL-2-6-18.sites,27,chr9,139920311,R,5p,,,1,1,26912621,"Primary CD4+ T cells (Bcl-2 transduced)",https://www.ncbi.nlm.nih.gov/pmc/articles/PMC4378543/,,"in vitro",Sunshine-2016-JVI
data/10-2014/sites/BCL-2-6-18.sites,133,chr1,23908122,R,5p,,,1,1,26912621,"Primary CD4+ T cells (Bcl-2 transduced)",https://www.ncbi.nlm.nih.gov/pmc/articles/PMC4378543/,,"in vitro",Sunshine-2016-JVI
data/10-2014/sites/BCL-2-6-18.sites,88,chr1,27026446,R,5p,,,1,1,26912621,"Primary CD4+ T cells (Bcl-2 transduced)",https://www.ncbi.nlm.nih.gov/pmc/articles/PMC4378543/,,"in vitro",Sunshine-2016-JVI
data/10-2014/sites/BCL-2-6-18.sites,17,chr1,32485506,R,5p,,,1,1,26912621,"Primary CD4+ T cells (Bcl-2 transduced)",https://www.ncbi.nlm.nih.gov/pmc/articles/PMC4378543/,,"in vitro",Sunshine-2016-JVI
data/10-2014/sites/BCL-2-6-18.sites,39,chr1,32599880,R,5p,,,1,2,26912621,"Primary CD4+ T cells (Bcl-2 transduced)",https://www.ncbi.nlm.nih.gov/pmc/articles/PMC4378543/,,"in vitro",Sunshine-2016-JVI
data/10-2014/sites/BCL-2-6-18.sites,90,chr1,32599880,R,5p,,,2,2,26912621,"Primary CD4+ T cells (Bcl-2 transduced)",https://www.ncbi.nlm.nih.gov/pmc/articles/PMC4378543/,,"in vitro",Sunshine-2016-JVI
data/10-2014/sites/BCL-2-6-18.sites,51,chr1,36451220,R,5p,,,1,2,26912621,"Primary CD4+ T cells (Bcl-2 transduced)",https://www.ncbi.nlm.nih.gov/pmc/articles/PMC4378543/,,"in vitro",Sunshine-2016-JVI
data/10-2014/sites/BCL-2-6-18.sites,166,chr1,36451220,R,5p,,,2,2,26912621,"Primary CD4+ T cells (Bcl-2 transduced)",https://www.ncbi.nlm.nih.gov/pmc/articles/PMC4378543/,,"in vitro",Sunshine-2016-JVI
data/10-2014/sites/BCL-2-6-18.sites,346,chr1,41584467,R,5p,,,1,1,26912621,"Primary CD4+ T cells (Bcl-2 transduced)",https://www.ncbi.nlm.nih.gov/pmc/articles/PMC4378543/,,"in vitro",Sunshine-2016-JVI
data/10-2014/sites/BCL-2-6-18.sites,65,chr1,44148657,F,5p,,,1,1,26912621,"Primary CD4+ T cells (Bcl-2 transduced)",https://www.ncbi.nlm.nih.gov/pmc/articles/PMC4378543/,,"in vitro",Sunshine-2016-JVI
data/10-2014/sites/BCL-2-6-18.sites,362,chr1,93605190,F,5p,,,1,1,26912621,"Primary CD4+ T cells (Bcl-2 transduced)",https://www.ncbi.nlm.nih.gov/pmc/articles/PMC4378543/,,"in vitro",Sunshine-2016-JVI
data/10-2014/sites/BCL-2-6-18.sites,45,chr1,161080045,F,5p,,,1,1,26912621,"Primary CD4+ T cells (Bcl-2 transduced)",https://www.ncbi.nlm.nih.gov/pmc/articles/PMC4378543/,,"in vitro",Sunshine-2016-JVI
data/10-2014/sites/BCL-2-6-18.sites,408,chr1,162553454,R,5p,,,1,1,26912621,"Primary CD4+ T cells (Bcl-2 transduced)",https://www.ncbi.nlm.nih.gov/pmc/articles/PMC4378543/,,"in vitro",Sunshine-2016-JVI
data/10-2014/sites/BCL-2-6-18.sites,158,chr1,171489410,R,5p,,,1,1,26912621,"Primary CD4+ T cells (Bcl-2 transduced)",https://www.ncbi.nlm.nih.gov/pmc/articles/PMC4378543/,,"in vitro",Sunshine-2016-JVI
data/10-2014/sites/BCL-2-6-18.sites,375,chr1,198575352,F,5p,,,1,1,26912621,"Primary CD4+ T cells (Bcl-2 transduced)",https://www.ncbi.nlm.nih.gov/pmc/articles/PMC4378543/,,"in vitro",Sunshine-2016-JVI
data/10-2014/sites/BCL-2-6-18.sites,102,chr1,243353614,R,5p,,,1,1,26912621,"Primary CD4+ T cells (Bcl-2 transduced)",https://www.ncbi.nlm.nih.gov/pmc/articles/PMC4378543/,,"in vitro",Sunshine-2016-JVI
data/10-2014/sites/BCL-2-6-18.sites,223,chr10,79140546,F,5p,,,1,1,26912621,"Primary CD4+ T cells (Bcl-2 transduced)",https://www.ncbi.nlm.nih.gov/pmc/articles/PMC4378543/,,"in vitro",Sunshine-2016-JVI
data/10-2014/sites/BCL-2-6-18.sites,325,chr10,104465788,R,5p,,,1,1,26912621,"Primary CD4+ T cells (Bcl-2 transduced)",https://www.ncbi.nlm.nih.gov/pmc/articles/PMC4378543/,,"in vitro",Sunshine-2016-JVI
data/10-2014/sites/BCL-2-6-18.sites,197,chr11,335875,F,5p,,,1,1,26912621,"Primary CD4+ T cells (Bcl-2 transduced)",https://www.ncbi.nlm.nih.gov/pmc/articles/PMC4378543/,,"in vitro",Sunshine-2016-JVI
data/10-2014/sites/BCL-2-6-18.sites,104,chr11,65231562,F,5p,,,1,1,26912621,"Primary CD4+ T cells (Bcl-2 transduced)",https://www.ncbi.nlm.nih.gov/pmc/articles/PMC4378543/,,"in vitro",Sunshine-2016-JVI
data/10-2014/sites/BCL-2-6-18.sites,109,chr11,66917282,F,5p,,,1,1,26912621,"Primary CD4+ T cells (Bcl-2 transduced)",https://www.ncbi.nlm.nih.gov/pmc/articles/PMC4378543/,,"in vitro",Sunshine-2016-JVI
data/10-2014/sites/BCL-2-6-18.sites,101,chr11,81596143,R,5p,,,1,1,26912621,"Primary CD4+ T cells (Bcl-2 transduced)",https://www.ncbi.nlm.nih.gov/pmc/articles/PMC4378543/,,"in vitro",Sunshine-2016-JVI
data/10-2014/sites/BCL-2-6-18.sites,37,chr11,88044449,F,5p,,,1,1,26912621,"Primary CD4+ T cells (Bcl-2 transduced)",https://www.ncbi.nlm.nih.gov/pmc/articles/PMC4378543/,,"in vitro",Sunshine-2016-JVI
data/10-2014/sites/BCL-2-6-18.sites,304,chr11,108152644,R,5p,,,1,1,26912621,"Primary CD4+ T cells (Bcl-2 transduced)",https://www.ncbi.nlm.nih.gov/pmc/articles/PMC4378543/,,"in vitro",Sunshine-2016-JVI
data/10-2014/sites/BCL-2-6-18.sites,8,chr11,114323996,F,5p,,,1,3,26912621,"Primary CD4+ T cells (Bcl-2 transduced)",https://www.ncbi.nlm.nih.gov/pmc/articles/PMC4378543/,,"in vitro",Sunshine-2016-JVI
data/10-2014/sites/BCL-2-6-18.sites,181,chr11,114323996,F,5p,,,2,3,26912621,"Primary CD4+ T cells (Bcl-2 transduced)",https://www.ncbi.nlm.nih.gov/pmc/articles/PMC4378543/,,"in vitro",Sunshine-2016-JVI
data/10-2014/sites/BCL-2-6-18.sites,207,chr11,114323996,F,5p,,,3,3,26912621,"Primary CD4+ T cells (Bcl-2 transduced)",https://www.ncbi.nlm.nih.gov/pmc/articles/PMC4378543/,,"in vitro",Sunshine-2016-JVI
data/10-2014/sites/BCL-2-6-18.sites,206,chr11,118206087,F,5p,,,1,1,26912621,"Primary CD4+ T cells (Bcl-2 transduced)",https://www.ncbi.nlm.nih.gov/pmc/articles/PMC4378543/,,"in vitro",Sunshine-2016-JVI
data/10-2014/sites/BCL-2-6-18.sites,303,chr12,4296983,R,5p,,,1,1,26912621,"Primary CD4+ T cells (Bcl-2 transduced)",https://www.ncbi.nlm.nih.gov/pmc/articles/PMC4378543/,,"in vitro",Sunshine-2016-JVI
data/10-2014/sites/BCL-2-6-18.sites,82,chr12,50069877,R,5p,,,1,1,26912621,"Primary CD4+ T cells (Bcl-2 transduced)",https://www.ncbi.nlm.nih.gov/pmc/articles/PMC4378543/,,"in vitro",Sunshine-2016-JVI
data/10-2014/sites/BCL-2-6-18.sites,335,chr12,56501861,F,5p,,,1,1,26912621,"Primary CD4+ T cells (Bcl-2 transduced)",https://www.ncbi.nlm.nih.gov/pmc/articles/PMC4378543/,,"in vitro",Sunshine-2016-JVI
data/10-2014/sites/BCL-2-6-18.sites,162,chr12,57061446,R,5p,,,1,1,26912621,"Primary CD4+ T cells (Bcl-2 transduced)",https://www.ncbi.nlm.nih.gov/pmc/articles/PMC4378543/,,"in vitro",Sunshine-2016-JVI
data/10-2014/sites/BCL-2-6-18.sites,224,chr12,57464337,R,5p,,,1,1,26912621,"Primary CD4+ T cells (Bcl-2 transduced)",https://www.ncbi.nlm.nih.gov/pmc/articles/PMC4378543/,,"in vitro",Sunshine-2016-JVI
data/10-2014/sites/BCL-2-6-18.sites,169,chr12,102182824,F,5p,,,1,1,26912621,"Primary CD4+ T cells (Bcl-2 transduced)",https://www.ncbi.nlm.nih.gov/pmc/articles/PMC4378543/,,"in vitro",Sunshine-2016-JVI
data/10-2014/sites/BCL-2-6-18.sites,168,chr12,113691951,F,5p,,,1,1,26912621,"Primary CD4+ T cells (Bcl-2 transduced)",https://www.ncbi.nlm.nih.gov/pmc/articles/PMC4378543/,,"in vitro",Sunshine-2016-JVI
data/10-2014/sites/BCL-2-6-18.sites,78,chr12,121318070,R,5p,,,1,1,26912621,"Primary CD4+ T cells (Bcl-2 transduced)",https://www.ncbi.nlm.nih.gov/pmc/articles/PMC4378543/,,"in vitro",Sunshine-2016-JVI
data/10-2014/sites/BCL-2-6-18.sites,13,chr12,122331857,R,5p,,,1,1,26912621,"Primary CD4+ T cells (Bcl-2 transduced)",https://www.ncbi.nlm.nih.gov/pmc/articles/PMC4378543/,,"in vitro",Sunshine-2016-JVI
data/10-2014/sites/BCL-2-6-18.sites,120,chr12,123680889,R,5p,,,1,1,26912621,"Primary CD4+ T cells (Bcl-2 transduced)",https://www.ncbi.nlm.nih.gov/pmc/articles/PMC4378543/,,"in vitro",Sunshine-2016-JVI
data/10-2014/sites/BCL-2-6-18.sites,354,chr13,28834577,F,5p,,,1,1,26912621,"Primary CD4+ T cells (Bcl-2 transduced)",https://www.ncbi.nlm.nih.gov/pmc/articles/PMC4378543/,,"in vitro",Sunshine-2016-JVI
data/10-2014/sites/BCL-2-6-18.sites,410,chr13,37597405,R,5p,,,1,1,26912621,"Primary CD4+ T cells (Bcl-2 transduced)",https://www.ncbi.nlm.nih.gov/pmc/articles/PMC4378543/,,"in vitro",Sunshine-2016-JVI
data/10-2014/sites/BCL-2-6-18.sites,393,chr13,41943024,R,5p,,,1,1,26912621,"Primary CD4+ T cells (Bcl-2 transduced)",https://www.ncbi.nlm.nih.gov/pmc/articles/PMC4378543/,,"in vitro",Sunshine-2016-JVI
data/10-2014/sites/BCL-2-6-18.sites,343,chr13,60680597,F,5p,,,1,1,26912621,"Primary CD4+ T cells (Bcl-2 transduced)",https://www.ncbi.nlm.nih.gov/pmc/articles/PMC4378543/,,"in vitro",Sunshine-2016-JVI
data/10-2014/sites/BCL-2-6-18.sites,390,chr13,73311448,R,5p,,,1,1,26912621,"Primary CD4+ T cells (Bcl-2 transduced)",https://www.ncbi.nlm.nih.gov/pmc/articles/PMC4378543/,,"in vitro",Sunshine-2016-JVI
data/10-2014/sites/BCL-2-6-18.sites,77,chr13,75897721,F,5p,,,1,1,26912621,"Primary CD4+ T cells (Bcl-2 transduced)",https://www.ncbi.nlm.nih.gov/pmc/articles/PMC4378543/,,"in vitro",Sunshine-2016-JVI
data/10-2014/sites/BCL-2-6-18.sites,175,chr14,22429656,R,5p,,,1,1,26912621,"Primary CD4+ T cells (Bcl-2 transduced)",https://www.ncbi.nlm.nih.gov/pmc/articles/PMC4378543/,,"in vitro",Sunshine-2016-JVI
data/10-2014/sites/BCL-2-6-18.sites,171,chr14,23543559,F,5p,,,1,1,26912621,"Primary CD4+ T cells (Bcl-2 transduced)",https://www.ncbi.nlm.nih.gov/pmc/articles/PMC4378543/,,"in vitro",Sunshine-2016-JVI
data/10-2014/sites/BCL-2-6-18.sites,62,chr14,52336155,F,5p,,,1,2,26912621,"Primary CD4+ T cells (Bcl-2 transduced)",https://www.ncbi.nlm.nih.gov/pmc/articles/PMC4378543/,,"in vitro",Sunshine-2016-JVI
data/10-2014/sites/BCL-2-6-18.sites,156,chr14,52336155,F,5p,,,2,2,26912621,"Primary CD4+ T cells (Bcl-2 transduced)",https://www.ncbi.nlm.nih.gov/pmc/articles/PMC4378543/,,"in vitro",Sunshine-2016-JVI
data/10-2014/sites/BCL-2-6-18.sites,36,chr14,81658714,F,5p,,,1,1,26912621,"Primary CD4+ T cells (Bcl-2 transduced)",https://www.ncbi.nlm.nih.gov/pmc/articles/PMC4378543/,,"in vitro",Sunshine-2016-JVI
data/10-2014/sites/BCL-2-6-18.sites,143,chr15,50447594,R,5p,,,1,1,26912621,"Primary CD4+ T cells (Bcl-2 transduced)",https://www.ncbi.nlm.nih.gov/pmc/articles/PMC4378543/,,"in vitro",Sunshine-2016-JVI
data/10-2014/sites/BCL-2-6-18.sites,267,chr15,63833769,R,5p,,,1,1,26912621,"Primary CD4+ T cells (Bcl-2 transduced)",https://www.ncbi.nlm.nih.gov/pmc/articles/PMC4378543/,,"in vitro",Sunshine-2016-JVI
data/10-2014/sites/BCL-2-6-18.sites,371,chr15,63833771,R,5p,,,1,1,26912621,"Primary CD4+ T cells (Bcl-2 transduced)",https://www.ncbi.nlm.nih.gov/pmc/articles/PMC4378543/,,"in vitro",Sunshine-2016-JVI
data/10-2014/sites/BCL-2-6-18.sites,182,chr15,64850938,R,5p,,,1,1,26912621,"Primary CD4+ T cells (Bcl-2 transduced)",https://www.ncbi.nlm.nih.gov/pmc/articles/PMC4378543/,,"in vitro",Sunshine-2016-JVI
data/10-2014/sites/BCL-2-6-18.sites,388,chr15,90146253,F,5p,,,1,1,26912621,"Primary CD4+ T cells (Bcl-2 transduced)",https://www.ncbi.nlm.nih.gov/pmc/articles/PMC4378543/,,"in vitro",Sunshine-2016-JVI
data/10-2014/sites/BCL-2-6-18.sites,145,chr15,101126873,F,5p,,,1,1,26912621,"Primary CD4+ T cells (Bcl-2 transduced)",https://www.ncbi.nlm.nih.gov/pmc/articles/PMC4378543/,,"in vitro",Sunshine-2016-JVI
data/10-2014/sites/BCL-2-6-18.sites,89,chr16,4753768,R,5p,,,1,1,26912621,"Primary CD4+ T cells (Bcl-2 transduced)",https://www.ncbi.nlm.nih.gov/pmc/articles/PMC4378543/,,"in vitro",Sunshine-2016-JVI
data/10-2014/sites/BCL-2-6-18.sites,185,chr16,21988318,R,5p,,,1,1,26912621,"Primary CD4+ T cells (Bcl-2 transduced)",https://www.ncbi.nlm.nih.gov/pmc/articles/PMC4378543/,,"in vitro",Sunshine-2016-JVI
data/10-2014/sites/BCL-2-6-18.sites,328,chr16,27425224,F,5p,,,1,2,26912621,"Primary CD4+ T cells (Bcl-2 transduced)",https://www.ncbi.nlm.nih.gov/pmc/articles/PMC4378543/,,"in vitro",Sunshine-2016-JVI
data/10-2014/sites/BCL-2-6-18.sites,341,chr16,27425224,F,5p,,,2,2,26912621,"Primary CD4+ T cells (Bcl-2 transduced)",https://www.ncbi.nlm.nih.gov/pmc/articles/PMC4378543/,,"in vitro",Sunshine-2016-JVI
data/10-2014/sites/BCL-2-6-18.sites,377,chr16,28182077,F,5p,,,1,1,26912621,"Primary CD4+ T cells (Bcl-2 transduced)",https://www.ncbi.nlm.nih.gov/pmc/articles/PMC4378543/,,"in vitro",Sunshine-2016-JVI
data/10-2014/sites/BCL-2-6-18.sites,266,chr16,30467940,F,5p,,,1,1,26912621,"Primary CD4+ T cells (Bcl-2 transduced)",https://www.ncbi.nlm.nih.gov/pmc/articles/PMC4378543/,,"in vitro",Sunshine-2016-JVI
data/10-2014/sites/BCL-2-6-18.sites,49,chr16,57036552,F,5p,,,1,2,26912621,"Primary CD4+ T cells (Bcl-2 transduced)",https://www.ncbi.nlm.nih.gov/pmc/articles/PMC4378543/,,"in vitro",Sunshine-2016-JVI
data/10-2014/sites/BCL-2-6-18.sites,50,chr16,57036552,F,5p,,,2,2,26912621,"Primary CD4+ T cells (Bcl-2 transduced)",https://www.ncbi.nlm.nih.gov/pmc/articles/PMC4378543/,,"in vitro",Sunshine-2016-JVI
data/10-2014/sites/BCL-2-6-18.sites,110,chr16,88728543,F,5p,,,1,1,26912621,"Primary CD4+ T cells (Bcl-2 transduced)",https://www.ncbi.nlm.nih.gov/pmc/articles/PMC4378543/,,"in vitro",Sunshine-2016-JVI
data/10-2014/sites/BCL-2-6-18.sites,176,chr16,88763695,R,5p,,,1,1,26912621,"Primary CD4+ T cells (Bcl-2 transduced)",https://www.ncbi.nlm.nih.gov/pmc/articles/PMC4378543/,,"in vitro",Sunshine-2016-JVI
data/10-2014/sites/BCL-2-6-18.sites,54,chr17,17959982,F,5p,,,1,1,26912621,"Primary CD4+ T cells (Bcl-2 transduced)",https://www.ncbi.nlm.nih.gov/pmc/articles/PMC4378543/,,"in vitro",Sunshine-2016-JVI
data/10-2014/sites/BCL-2-6-18.sites,426,chr17,41233293,R,3p,,,1,1,26912621,"Primary CD4+ T cells (Bcl-2 transduced)",https://www.ncbi.nlm.nih.gov/pmc/articles/PMC4378543/,,"in vitro",Sunshine-2016-JVI
data/10-2014/sites/BCL-2-6-18.sites,116,chr17,42499481,F,5p,,,1,1,26912621,"Primary CD4+ T cells (Bcl-2 transduced)",https://www.ncbi.nlm.nih.gov/pmc/articles/PMC4378543/,,"in vitro",Sunshine-2016-JVI
data/10-2014/sites/BCL-2-6-18.sites,57,chr17,42519322,F,5p,,,1,1,26912621,"Primary CD4+ T cells (Bcl-2 transduced)",https://www.ncbi.nlm.nih.gov/pmc/articles/PMC4378543/,,"in vitro",Sunshine-2016-JVI
data/10-2014/sites/BCL-2-6-18.sites,178,chr17,60024645,R,5p,,,1,1,26912621,"Primary CD4+ T cells (Bcl-2 transduced)",https://www.ncbi.nlm.nih.gov/pmc/articles/PMC4378543/,,"in vitro",Sunshine-2016-JVI
data/10-2014/sites/BCL-2-6-18.sites,80,chr17,60133653,F,5p,,,1,2,26912621,"Primary CD4+ T cells (Bcl-2 transduced)",https://www.ncbi.nlm.nih.gov/pmc/articles/PMC4378543/,,"in vitro",Sunshine-2016-JVI
data/10-2014/sites/BCL-2-6-18.sites,149,chr17,60133653,F,5p,,,2,2,26912621,"Primary CD4+ T cells (Bcl-2 transduced)",https://www.ncbi.nlm.nih.gov/pmc/articles/PMC4378543/,,"in vitro",Sunshine-2016-JVI
data/10-2014/sites/BCL-2-6-18.sites,209,chr17,61822365,F,5p,,,1,1,26912621,"Primary CD4+ T cells (Bcl-2 transduced)",https://www.ncbi.nlm.nih.gov/pmc/articles/PMC4378543/,,"in vitro",Sunshine-2016-JVI
data/10-2014/sites/BCL-2-6-18.sites,125,chr17,73293508,F,5p,,,1,1,26912621,"Primary CD4+ T cells (Bcl-2 transduced)",https://www.ncbi.nlm.nih.gov/pmc/articles/PMC4378543/,,"in vitro",Sunshine-2016-JVI
data/10-2014/sites/BCL-2-6-18.sites,406,chr17,74050959,F,5p,,,1,1,26912621,"Primary CD4+ T cells (Bcl-2 transduced)",https://www.ncbi.nlm.nih.gov/pmc/articles/PMC4378543/,,"in vitro",Sunshine-2016-JVI
data/10-2014/sites/BCL-2-6-18.sites,135,chr17,74184479,F,5p,,,1,1,26912621,"Primary CD4+ T cells (Bcl-2 transduced)",https://www.ncbi.nlm.nih.gov/pmc/articles/PMC4378543/,,"in vitro",Sunshine-2016-JVI
data/10-2014/sites/BCL-2-6-18.sites,150,chr17,76151786,R,5p,,,1,1,26912621,"Primary CD4+ T cells (Bcl-2 transduced)",https://www.ncbi.nlm.nih.gov/pmc/articles/PMC4378543/,,"in vitro",Sunshine-2016-JVI
data/10-2014/sites/BCL-2-6-18.sites,523,chr17,78929533,F,5p,,,1,2,26912621,"Primary CD4+ T cells (Bcl-2 transduced)",https://www.ncbi.nlm.nih.gov/pmc/articles/PMC4378543/,,"in vitro",Sunshine-2016-JVI
data/10-2014/sites/BCL-2-6-18.sites,520,chr17,78929533,F,5p,,,2,2,26912621,"Primary CD4+ T cells (Bcl-2 transduced)",https://www.ncbi.nlm.nih.gov/pmc/articles/PMC4378543/,,"in vitro",Sunshine-2016-JVI
data/10-2014/sites/BCL-2-6-18.sites,47,chr17,79553108,F,5p,,,1,2,26912621,"Primary CD4+ T cells (Bcl-2 transduced)",https://www.ncbi.nlm.nih.gov/pmc/articles/PMC4378543/,,"in vitro",Sunshine-2016-JVI
data/10-2014/sites/BCL-2-6-18.sites,154,chr17,79553108,F,5p,,,2,2,26912621,"Primary CD4+ T cells (Bcl-2 transduced)",https://www.ncbi.nlm.nih.gov/pmc/articles/PMC4378543/,,"in vitro",Sunshine-2016-JVI
data/10-2014/sites/BCL-2-6-18.sites,100,chr17,79814615,R,5p,,,1,1,26912621,"Primary CD4+ T cells (Bcl-2 transduced)",https://www.ncbi.nlm.nih.gov/pmc/articles/PMC4378543/,,"in vitro",Sunshine-2016-JVI
data/10-2014/sites/BCL-2-6-18.sites,48,chr18,2966680,R,5p,,,1,2,26912621,"Primary CD4+ T cells (Bcl-2 transduced)",https://www.ncbi.nlm.nih.gov/pmc/articles/PMC4378543/,,"in vitro",Sunshine-2016-JVI
data/10-2014/sites/BCL-2-6-18.sites,106,chr18,2966680,R,5p,,,2,2,26912621,"Primary CD4+ T cells (Bcl-2 transduced)",https://www.ncbi.nlm.nih.gov/pmc/articles/PMC4378543/,,"in vitro",Sunshine-2016-JVI
data/10-2014/sites/BCL-2-6-18.sites,259,chr18,48476607,F,5p,,,1,1,26912621,"Primary CD4+ T cells (Bcl-2 transduced)",https://www.ncbi.nlm.nih.gov/pmc/articles/PMC4378543/,,"in vitro",Sunshine-2016-JVI
data/10-2014/sites/BCL-2-6-18.sites,431,chr18,60795855,R,5p,,,1,78,26912621,"Primary CD4+ T cells (Bcl-2 transduced)",https://www.ncbi.nlm.nih.gov/pmc/articles/PMC4378543/,,"in vitro",Sunshine-2016-JVI
data/10-2014/sites/BCL-2-6-18.sites,432,chr18,60795855,R,5p,,,2,78,26912621,"Primary CD4+ T cells (Bcl-2 transduced)",https://www.ncbi.nlm.nih.gov/pmc/articles/PMC4378543/,,"in vitro",Sunshine-2016-JVI
data/10-2014/sites/BCL-2-6-18.sites,433,chr18,60795855,R,5p,,,3,78,26912621,"Primary CD4+ T cells (Bcl-2 transduced)",https://www.ncbi.nlm.nih.gov/pmc/articles/PMC4378543/,,"in vitro",Sunshine-2016-JVI
data/10-2014/sites/BCL-2-6-18.sites,434,chr18,60795855,R,5p,,,4,78,26912621,"Primary CD4+ T cells (Bcl-2 transduced)",https://www.ncbi.nlm.nih.gov/pmc/articles/PMC4378543/,,"in vitro",Sunshine-2016-JVI
data/10-2014/sites/BCL-2-6-18.sites,436,chr18,60795855,R,5p,,,5,78,26912621,"Primary CD4+ T cells (Bcl-2 transduced)",https://www.ncbi.nlm.nih.gov/pmc/articles/PMC4378543/,,"in vitro",Sunshine-2016-JVI
data/10-2014/sites/BCL-2-6-18.sites,437,chr18,60795855,R,5p,,,6,78,26912621,"Primary CD4+ T cells (Bcl-2 transduced)",https://www.ncbi.nlm.nih.gov/pmc/articles/PMC4378543/,,"in vitro",Sunshine-2016-JVI
data/10-2014/sites/BCL-2-6-18.sites,438,chr18,60795855,R,5p,,,7,78,26912621,"Primary CD4+ T cells (Bcl-2 transduced)",https://www.ncbi.nlm.nih.gov/pmc/articles/PMC4378543/,,"in vitro",Sunshine-2016-JVI
data/10-2014/sites/BCL-2-6-18.sites,439,chr18,60795855,R,5p,,,8,78,26912621,"Primary CD4+ T cells (Bcl-2 transduced)",https://www.ncbi.nlm.nih.gov/pmc/articles/PMC4378543/,,"in vitro",Sunshine-2016-JVI
data/10-2014/sites/BCL-2-6-18.sites,440,chr18,60795855,R,5p,,,9,78,26912621,"Primary CD4+ T cells (Bcl-2 transduced)",https://www.ncbi.nlm.nih.gov/pmc/articles/PMC4378543/,,"in vitro",Sunshine-2016-JVI
data/10-2014/sites/BCL-2-6-18.sites,441,chr18,60795855,R,5p,,,10,78,26912621,"Primary CD4+ T cells (Bcl-2 transduced)",https://www.ncbi.nlm.nih.gov/pmc/articles/PMC4378543/,,"in vitro",Sunshine-2016-JVI
data/10-2014/sites/BCL-2-6-18.sites,442,chr18,60795855,R,5p,,,11,78,26912621,"Primary CD4+ T cells (Bcl-2 transduced)",https://www.ncbi.nlm.nih.gov/pmc/articles/PMC4378543/,,"in vitro",Sunshine-2016-JVI
data/10-2014/sites/BCL-2-6-18.sites,443,chr18,60795855,R,5p,,,12,78,26912621,"Primary CD4+ T cells (Bcl-2 transduced)",https://www.ncbi.nlm.nih.gov/pmc/articles/PMC4378543/,,"in vitro",Sunshine-2016-JVI
data/10-2014/sites/BCL-2-6-18.sites,444,chr18,60795855,R,5p,,,13,78,26912621,"Primary CD4+ T cells (Bcl-2 transduced)",https://www.ncbi.nlm.nih.gov/pmc/articles/PMC4378543/,,"in vitro",Sunshine-2016-JVI
data/10-2014/sites/BCL-2-6-18.sites,445,chr18,60795855,R,5p,,,14,78,26912621,"Primary CD4+ T cells (Bcl-2 transduced)",https://www.ncbi.nlm.nih.gov/pmc/articles/PMC4378543/,,"in vitro",Sunshine-2016-JVI
data/10-2014/sites/BCL-2-6-18.sites,446,chr18,60795855,R,5p,,,15,78,26912621,"Primary CD4+ T cells (Bcl-2 transduced)",https://www.ncbi.nlm.nih.gov/pmc/articles/PMC4378543/,,"in vitro",Sunshine-2016-JVI
data/10-2014/sites/BCL-2-6-18.sites,447,chr18,60795855,R,5p,,,16,78,26912621,"Primary CD4+ T cells (Bcl-2 transduced)",https://www.ncbi.nlm.nih.gov/pmc/articles/PMC4378543/,,"in vitro",Sunshine-2016-JVI
data/10-2014/sites/BCL-2-6-18.sites,448,chr18,60795855,R,5p,,,17,78,26912621,"Primary CD4+ T cells (Bcl-2 transduced)",https://www.ncbi.nlm.nih.gov/pmc/articles/PMC4378543/,,"in vitro",Sunshine-2016-JVI
data/10-2014/sites/BCL-2-6-18.sites,449,chr18,60795855,R,5p,,,18,78,26912621,"Primary CD4+ T cells (Bcl-2 transduced)",https://www.ncbi.nlm.nih.gov/pmc/articles/PMC4378543/,,"in vitro",Sunshine-2016-JVI
data/10-2014/sites/BCL-2-6-18.sites,450,chr18,60795855,R,5p,,,19,78,26912621,"Primary CD4+ T cells (Bcl-2 transduced)",https://www.ncbi.nlm.nih.gov/pmc/articles/PMC4378543/,,"in vitro",Sunshine-2016-JVI
data/10-2014/sites/BCL-2-6-18.sites,451,chr18,60795855,R,5p,,,20,78,26912621,"Primary CD4+ T cells (Bcl-2 transduced)",https://www.ncbi.nlm.nih.gov/pmc/articles/PMC4378543/,,"in vitro",Sunshine-2016-JVI
data/10-2014/sites/BCL-2-6-18.sites,452,chr18,60795855,R,5p,,,21,78,26912621,"Primary CD4+ T cells (Bcl-2 transduced)",https://www.ncbi.nlm.nih.gov/pmc/articles/PMC4378543/,,"in vitro",Sunshine-2016-JVI
data/10-2014/sites/BCL-2-6-18.sites,453,chr18,60795855,R,5p,,,22,78,26912621,"Primary CD4+ T cells (Bcl-2 transduced)",https://www.ncbi.nlm.nih.gov/pmc/articles/PMC4378543/,,"in vitro",Sunshine-2016-JVI
data/10-2014/sites/BCL-2-6-18.sites,454,chr18,60795855,R,5p,,,23,78,26912621,"Primary CD4+ T cells (Bcl-2 transduced)",https://www.ncbi.nlm.nih.gov/pmc/articles/PMC4378543/,,"in vitro",Sunshine-2016-JVI
data/10-2014/sites/BCL-2-6-18.sites,455,chr18,60795855,R,5p,,,24,78,26912621,"Primary CD4+ T cells (Bcl-2 transduced)",https://www.ncbi.nlm.nih.gov/pmc/articles/PMC4378543/,,"in vitro",Sunshine-2016-JVI
data/10-2014/sites/BCL-2-6-18.sites,456,chr18,60795855,R,5p,,,25,78,26912621,"Primary CD4+ T cells (Bcl-2 transduced)",https://www.ncbi.nlm.nih.gov/pmc/articles/PMC4378543/,,"in vitro",Sunshine-2016-JVI
data/10-2014/sites/BCL-2-6-18.sites,457,chr18,60795855,R,5p,,,26,78,26912621,"Primary CD4+ T cells (Bcl-2 transduced)",https://www.ncbi.nlm.nih.gov/pmc/articles/PMC4378543/,,"in vitro",Sunshine-2016-JVI
data/10-2014/sites/BCL-2-6-18.sites,458,chr18,60795855,R,5p,,,27,78,26912621,"Primary CD4+ T cells (Bcl-2 transduced)",https://www.ncbi.nlm.nih.gov/pmc/articles/PMC4378543/,,"in vitro",Sunshine-2016-JVI
data/10-2014/sites/BCL-2-6-18.sites,459,chr18,60795855,R,5p,,,28,78,26912621,"Primary CD4+ T cells (Bcl-2 transduced)",https://www.ncbi.nlm.nih.gov/pmc/articles/PMC4378543/,,"in vitro",Sunshine-2016-JVI
data/10-2014/sites/BCL-2-6-18.sites,460,chr18,60795855,R,5p,,,29,78,26912621,"Primary CD4+ T cells (Bcl-2 transduced)",https://www.ncbi.nlm.nih.gov/pmc/articles/PMC4378543/,,"in vitro",Sunshine-2016-JVI
data/10-2014/sites/BCL-2-6-18.sites,461,chr18,60795855,R,5p,,,30,78,26912621,"Primary CD4+ T cells (Bcl-2 transduced)",https://www.ncbi.nlm.nih.gov/pmc/articles/PMC4378543/,,"in vitro",Sunshine-2016-JVI
data/10-2014/sites/BCL-2-6-18.sites,462,chr18,60795855,R,5p,,,31,78,26912621,"Primary CD4+ T cells (Bcl-2 transduced)",https://www.ncbi.nlm.nih.gov/pmc/articles/PMC4378543/,,"in vitro",Sunshine-2016-JVI
data/10-2014/sites/BCL-2-6-18.sites,463,chr18,60795855,R,5p,,,32,78,26912621,"Primary CD4+ T cells (Bcl-2 transduced)",https://www.ncbi.nlm.nih.gov/pmc/articles/PMC4378543/,,"in vitro",Sunshine-2016-JVI
data/10-2014/sites/BCL-2-6-18.sites,464,chr18,60795855,R,5p,,,33,78,26912621,"Primary CD4+ T cells (Bcl-2 transduced)",https://www.ncbi.nlm.nih.gov/pmc/articles/PMC4378543/,,"in vitro",Sunshine-2016-JVI
data/10-2014/sites/BCL-2-6-18.sites,465,chr18,60795855,R,5p,,,34,78,26912621,"Primary CD4+ T cells (Bcl-2 transduced)",https://www.ncbi.nlm.nih.gov/pmc/articles/PMC4378543/,,"in vitro",Sunshine-2016-JVI
data/10-2014/sites/BCL-2-6-18.sites,466,chr18,60795855,R,5p,,,35,78,26912621,"Primary CD4+ T cells (Bcl-2 transduced)",https://www.ncbi.nlm.nih.gov/pmc/articles/PMC4378543/,,"in vitro",Sunshine-2016-JVI
data/10-2014/sites/BCL-2-6-18.sites,467,chr18,60795855,R,5p,,,36,78,26912621,"Primary CD4+ T cells (Bcl-2 transduced)",https://www.ncbi.nlm.nih.gov/pmc/articles/PMC4378543/,,"in vitro",Sunshine-2016-JVI
data/10-2014/sites/BCL-2-6-18.sites,468,chr18,60795855,R,5p,,,37,78,26912621,"Primary CD4+ T cells (Bcl-2 transduced)",https://www.ncbi.nlm.nih.gov/pmc/articles/PMC4378543/,,"in vitro",Sunshine-2016-JVI
data/10-2014/sites/BCL-2-6-18.sites,469,chr18,60795855,R,5p,,,38,78,26912621,"Primary CD4+ T cells (Bcl-2 transduced)",https://www.ncbi.nlm.nih.gov/pmc/articles/PMC4378543/,,"in vitro",Sunshine-2016-JVI
data/10-2014/sites/BCL-2-6-18.sites,470,chr18,60795855,R,5p,,,39,78,26912621,"Primary CD4+ T cells (Bcl-2 transduced)",https://www.ncbi.nlm.nih.gov/pmc/articles/PMC4378543/,,"in vitro",Sunshine-2016-JVI
data/10-2014/sites/BCL-2-6-18.sites,471,chr18,60795855,R,5p,,,40,78,26912621,"Primary CD4+ T cells (Bcl-2 transduced)",https://www.ncbi.nlm.nih.gov/pmc/articles/PMC4378543/,,"in vitro",Sunshine-2016-JVI
data/10-2014/sites/BCL-2-6-18.sites,472,chr18,60795855,R,5p,,,41,78,26912621,"Primary CD4+ T cells (Bcl-2 transduced)",https://www.ncbi.nlm.nih.gov/pmc/articles/PMC4378543/,,"in vitro",Sunshine-2016-JVI
data/10-2014/sites/BCL-2-6-18.sites,473,chr18,60795855,R,5p,,,42,78,26912621,"Primary CD4+ T cells (Bcl-2 transduced)",https://www.ncbi.nlm.nih.gov/pmc/articles/PMC4378543/,,"in vitro",Sunshine-2016-JVI
data/10-2014/sites/BCL-2-6-18.sites,474,chr18,60795855,R,5p,,,43,78,26912621,"Primary CD4+ T cells (Bcl-2 transduced)",https://www.ncbi.nlm.nih.gov/pmc/articles/PMC4378543/,,"in vitro",Sunshine-2016-JVI
data/10-2014/sites/BCL-2-6-18.sites,475,chr18,60795855,R,5p,,,44,78,26912621,"Primary CD4+ T cells (Bcl-2 transduced)",https://www.ncbi.nlm.nih.gov/pmc/articles/PMC4378543/,,"in vitro",Sunshine-2016-JVI
data/10-2014/sites/BCL-2-6-18.sites,476,chr18,60795855,R,5p,,,45,78,26912621,"Primary CD4+ T cells (Bcl-2 transduced)",https://www.ncbi.nlm.nih.gov/pmc/articles/PMC4378543/,,"in vitro",Sunshine-2016-JVI
data/10-2014/sites/BCL-2-6-18.sites,477,chr18,60795855,R,5p,,,46,78,26912621,"Primary CD4+ T cells (Bcl-2 transduced)",https://www.ncbi.nlm.nih.gov/pmc/articles/PMC4378543/,,"in vitro",Sunshine-2016-JVI
data/10-2014/sites/BCL-2-6-18.sites,478,chr18,60795855,R,5p,,,47,78,26912621,"Primary CD4+ T cells (Bcl-2 transduced)",https://www.ncbi.nlm.nih.gov/pmc/articles/PMC4378543/,,"in vitro",Sunshine-2016-JVI
data/10-2014/sites/BCL-2-6-18.sites,479,chr18,60795855,R,5p,,,48,78,26912621,"Primary CD4+ T cells (Bcl-2 transduced)",https://www.ncbi.nlm.nih.gov/pmc/articles/PMC4378543/,,"in vitro",Sunshine-2016-JVI
data/10-2014/sites/BCL-2-6-18.sites,480,chr18,60795855,R,5p,,,49,78,26912621,"Primary CD4+ T cells (Bcl-2 transduced)",https://www.ncbi.nlm.nih.gov/pmc/articles/PMC4378543/,,"in vitro",Sunshine-2016-JVI
data/10-2014/sites/BCL-2-6-18.sites,481,chr18,60795855,R,5p,,,50,78,26912621,"Primary CD4+ T cells (Bcl-2 transduced)",https://www.ncbi.nlm.nih.gov/pmc/articles/PMC4378543/,,"in vitro",Sunshine-2016-JVI
data/10-2014/sites/BCL-2-6-18.sites,482,chr18,60795855,R,5p,,,51,78,26912621,"Primary CD4+ T cells (Bcl-2 transduced)",https://www.ncbi.nlm.nih.gov/pmc/articles/PMC4378543/,,"in vitro",Sunshine-2016-JVI
data/10-2014/sites/BCL-2-6-18.sites,483,chr18,60795855,R,5p,,,52,78,26912621,"Primary CD4+ T cells (Bcl-2 transduced)",https://www.ncbi.nlm.nih.gov/pmc/articles/PMC4378543/,,"in vitro",Sunshine-2016-JVI
data/10-2014/sites/BCL-2-6-18.sites,484,chr18,60795855,R,5p,,,53,78,26912621,"Primary CD4+ T cells (Bcl-2 transduced)",https://www.ncbi.nlm.nih.gov/pmc/articles/PMC4378543/,,"in vitro",Sunshine-2016-JVI
data/10-2014/sites/BCL-2-6-18.sites,485,chr18,60795855,R,5p,,,54,78,26912621,"Primary CD4+ T cells (Bcl-2 transduced)",https://www.ncbi.nlm.nih.gov/pmc/articles/PMC4378543/,,"in vitro",Sunshine-2016-JVI
data/10-2014/sites/BCL-2-6-18.sites,486,chr18,60795855,R,5p,,,55,78,26912621,"Primary CD4+ T cells (Bcl-2 transduced)",https://www.ncbi.nlm.nih.gov/pmc/articles/PMC4378543/,,"in vitro",Sunshine-2016-JVI
data/10-2014/sites/BCL-2-6-18.sites,487,chr18,60795855,R,5p,,,56,78,26912621,"Primary CD4+ T cells (Bcl-2 transduced)",https://www.ncbi.nlm.nih.gov/pmc/articles/PMC4378543/,,"in vitro",Sunshine-2016-JVI
data/10-2014/sites/BCL-2-6-18.sites,488,chr18,60795855,R,5p,,,57,78,26912621,"Primary CD4+ T cells (Bcl-2 transduced)",https://www.ncbi.nlm.nih.gov/pmc/articles/PMC4378543/,,"in vitro",Sunshine-2016-JVI
data/10-2014/sites/BCL-2-6-18.sites,489,chr18,60795855,R,5p,,,58,78,26912621,"Primary CD4+ T cells (Bcl-2 transduced)",https://www.ncbi.nlm.nih.gov/pmc/articles/PMC4378543/,,"in vitro",Sunshine-2016-JVI
data/10-2014/sites/BCL-2-6-18.sites,490,chr18,60795855,R,5p,,,59,78,26912621,"Primary CD4+ T cells (Bcl-2 transduced)",https://www.ncbi.nlm.nih.gov/pmc/articles/PMC4378543/,,"in vitro",Sunshine-2016-JVI
data/10-2014/sites/BCL-2-6-18.sites,491,chr18,60795855,R,5p,,,60,78,26912621,"Primary CD4+ T cells (Bcl-2 transduced)",https://www.ncbi.nlm.nih.gov/pmc/articles/PMC4378543/,,"in vitro",Sunshine-2016-JVI
data/10-2014/sites/BCL-2-6-18.sites,492,chr18,60795855,R,5p,,,61,78,26912621,"Primary CD4+ T cells (Bcl-2 transduced)",https://www.ncbi.nlm.nih.gov/pmc/articles/PMC4378543/,,"in vitro",Sunshine-2016-JVI
data/10-2014/sites/BCL-2-6-18.sites,493,chr18,60795855,R,5p,,,62,78,26912621,"Primary CD4+ T cells (Bcl-2 transduced)",https://www.ncbi.nlm.nih.gov/pmc/articles/PMC4378543/,,"in vitro",Sunshine-2016-JVI
data/10-2014/sites/BCL-2-6-18.sites,494,chr18,60795855,R,5p,,,63,78,26912621,"Primary CD4+ T cells (Bcl-2 transduced)",https://www.ncbi.nlm.nih.gov/pmc/articles/PMC4378543/,,"in vitro",Sunshine-2016-JVI
data/10-2014/sites/BCL-2-6-18.sites,495,chr18,60795855,R,5p,,,64,78,26912621,"Primary CD4+ T cells (Bcl-2 transduced)",https://www.ncbi.nlm.nih.gov/pmc/articles/PMC4378543/,,"in vitro",Sunshine-2016-JVI
data/10-2014/sites/BCL-2-6-18.sites,496,chr18,60795855,R,5p,,,65,78,26912621,"Primary CD4+ T cells (Bcl-2 transduced)",https://www.ncbi.nlm.nih.gov/pmc/articles/PMC4378543/,,"in vitro",Sunshine-2016-JVI
data/10-2014/sites/BCL-2-6-18.sites,497,chr18,60795855,R,5p,,,66,78,26912621,"Primary CD4+ T cells (Bcl-2 transduced)",https://www.ncbi.nlm.nih.gov/pmc/articles/PMC4378543/,,"in vitro",Sunshine-2016-JVI
data/10-2014/sites/BCL-2-6-18.sites,498,chr18,60795855,R,5p,,,67,78,26912621,"Primary CD4+ T cells (Bcl-2 transduced)",https://www.ncbi.nlm.nih.gov/pmc/articles/PMC4378543/,,"in vitro",Sunshine-2016-JVI
data/10-2014/sites/BCL-2-6-18.sites,499,chr18,60795855,R,5p,,,68,78,26912621,"Primary CD4+ T cells (Bcl-2 transduced)",https://www.ncbi.nlm.nih.gov/pmc/articles/PMC4378543/,,"in vitro",Sunshine-2016-JVI
data/10-2014/sites/BCL-2-6-18.sites,500,chr18,60795855,R,5p,,,69,78,26912621,"Primary CD4+ T cells (Bcl-2 transduced)",https://www.ncbi.nlm.nih.gov/pmc/articles/PMC4378543/,,"in vitro",Sunshine-2016-JVI
data/10-2014/sites/BCL-2-6-18.sites,501,chr18,60795855,R,5p,,,70,78,26912621,"Primary CD4+ T cells (Bcl-2 transduced)",https://www.ncbi.nlm.nih.gov/pmc/articles/PMC4378543/,,"in vitro",Sunshine-2016-JVI
data/10-2014/sites/BCL-2-6-18.sites,502,chr18,60795855,R,5p,,,71,78,26912621,"Primary CD4+ T cells (Bcl-2 transduced)",https://www.ncbi.nlm.nih.gov/pmc/articles/PMC4378543/,,"in vitro",Sunshine-2016-JVI
data/10-2014/sites/BCL-2-6-18.sites,503,chr18,60795855,R,5p,,,72,78,26912621,"Primary CD4+ T cells (Bcl-2 transduced)",https://www.ncbi.nlm.nih.gov/pmc/articles/PMC4378543/,,"in vitro",Sunshine-2016-JVI
data/10-2014/sites/BCL-2-6-18.sites,504,chr18,60795855,R,5p,,,73,78,26912621,"Primary CD4+ T cells (Bcl-2 transduced)",https://www.ncbi.nlm.nih.gov/pmc/articles/PMC4378543/,,"in vitro",Sunshine-2016-JVI
data/10-2014/sites/BCL-2-6-18.sites,505,chr18,60795855,R,5p,,,74,78,26912621,"Primary CD4+ T cells (Bcl-2 transduced)",https://www.ncbi.nlm.nih.gov/pmc/articles/PMC4378543/,,"in vitro",Sunshine-2016-JVI
data/10-2014/sites/BCL-2-6-18.sites,506,chr18,60795855,R,5p,,,75,78,26912621,"Primary CD4+ T cells (Bcl-2 transduced)",https://www.ncbi.nlm.nih.gov/pmc/articles/PMC4378543/,,"in vitro",Sunshine-2016-JVI
data/10-2014/sites/BCL-2-6-18.sites,508,chr18,60795855,R,5p,,,76,78,26912621,"Primary CD4+ T cells (Bcl-2 transduced)",https://www.ncbi.nlm.nih.gov/pmc/articles/PMC4378543/,,"in vitro",Sunshine-2016-JVI
data/10-2014/sites/BCL-2-6-18.sites,509,chr18,60795855,R,5p,,,77,78,26912621,"Primary CD4+ T cells (Bcl-2 transduced)",https://www.ncbi.nlm.nih.gov/pmc/articles/PMC4378543/,,"in vitro",Sunshine-2016-JVI
data/10-2014/sites/BCL-2-6-18.sites,512,chr18,60795855,R,5p,,,78,78,26912621,"Primary CD4+ T cells (Bcl-2 transduced)",https://www.ncbi.nlm.nih.gov/pmc/articles/PMC4378543/,,"in vitro",Sunshine-2016-JVI
data/10-2014/sites/BCL-2-6-18.sites,513,chr18,60795855,R,5p,,,1,1,26912621,"Primary CD4+ T cells (Bcl-2 transduced)",https://www.ncbi.nlm.nih.gov/pmc/articles/PMC4378543/,,"in vitro",Sunshine-2016-JVI
data/10-2014/sites/BCL-2-6-18.sites,514,chr18,60795855,R,5p,,,1,1,26912621,"Primary CD4+ T cells (Bcl-2 transduced)",https://www.ncbi.nlm.nih.gov/pmc/articles/PMC4378543/,,"in vitro",Sunshine-2016-JVI
data/10-2014/sites/BCL-2-6-18.sites,435,chr18,60795857,R,5p,,,1,1,26912621,"Primary CD4+ T cells (Bcl-2 transduced)",https://www.ncbi.nlm.nih.gov/pmc/articles/PMC4378543/,,"in vitro",Sunshine-2016-JVI
data/10-2014/sites/BCL-2-6-18.sites,229,chr19,556002,R,5p,,,1,1,26912621,"Primary CD4+ T cells (Bcl-2 transduced)",https://www.ncbi.nlm.nih.gov/pmc/articles/PMC4378543/,,"in vitro",Sunshine-2016-JVI
data/10-2014/sites/BCL-2-6-18.sites,324,chr19,1018489,R,5p,,,1,1,26912621,"Primary CD4+ T cells (Bcl-2 transduced)",https://www.ncbi.nlm.nih.gov/pmc/articles/PMC4378543/,,"in vitro",Sunshine-2016-JVI
data/10-2014/sites/BCL-2-6-18.sites,61,chr19,1057722,R,5p,,,1,1,26912621,"Primary CD4+ T cells (Bcl-2 transduced)",https://www.ncbi.nlm.nih.gov/pmc/articles/PMC4378543/,,"in vitro",Sunshine-2016-JVI
data/10-2014/sites/BCL-2-6-18.sites,188,chr19,1405242,F,5p,,,1,1,26912621,"Primary CD4+ T cells (Bcl-2 transduced)",https://www.ncbi.nlm.nih.gov/pmc/articles/PMC4378543/,,"in vitro",Sunshine-2016-JVI
data/10-2014/sites/BCL-2-6-18.sites,148,chr19,3555171,R,5p,,,1,1,26912621,"Primary CD4+ T cells (Bcl-2 transduced)",https://www.ncbi.nlm.nih.gov/pmc/articles/PMC4378543/,,"in vitro",Sunshine-2016-JVI
data/10-2014/sites/BCL-2-6-18.sites,4,chr19,15496235,R,5p,,,1,1,26912621,"Primary CD4+ T cells (Bcl-2 transduced)",https://www.ncbi.nlm.nih.gov/pmc/articles/PMC4378543/,,"in vitro",Sunshine-2016-JVI
data/10-2014/sites/BCL-2-6-18.sites,113,chr19,15587938,R,5p,,,1,1,26912621,"Primary CD4+ T cells (Bcl-2 transduced)",https://www.ncbi.nlm.nih.gov/pmc/articles/PMC4378543/,,"in vitro",Sunshine-2016-JVI
data/10-2014/sites/BCL-2-6-18.sites,211,chr19,16256972,F,5p,,,1,1,26912621,"Primary CD4+ T cells (Bcl-2 transduced)",https://www.ncbi.nlm.nih.gov/pmc/articles/PMC4378543/,,"in vitro",Sunshine-2016-JVI
data/10-2014/sites/BCL-2-6-18.sites,241,chr19,18692397,R,5p,,,1,1,26912621,"Primary CD4+ T cells (Bcl-2 transduced)",https://www.ncbi.nlm.nih.gov/pmc/articles/PMC4378543/,,"in vitro",Sunshine-2016-JVI
data/10-2014/sites/BCL-2-6-18.sites,27,chr19,35766579,F,5p,,,1,1,26912621,"Primary CD4+ T cells (Bcl-2 transduced)",https://www.ncbi.nlm.nih.gov/pmc/articles/PMC4378543/,,"in vitro",Sunshine-2016-JVI
data/10-2014/sites/BCL-2-6-18.sites,279,chr19,36243633,R,5p,,,1,1,26912621,"Primary CD4+ T cells (Bcl-2 transduced)",https://www.ncbi.nlm.nih.gov/pmc/articles/PMC4378543/,,"in vitro",Sunshine-2016-JVI
data/10-2014/sites/BCL-2-6-18.sites,391,chr19,44265291,F,5p,,,1,1,26912621,"Primary CD4+ T cells (Bcl-2 transduced)",https://www.ncbi.nlm.nih.gov/pmc/articles/PMC4378543/,,"in vitro",Sunshine-2016-JVI
data/10-2014/sites/BCL-2-6-18.sites,19,chr19,50070798,F,5p,,,1,1,26912621,"Primary CD4+ T cells (Bcl-2 transduced)",https://www.ncbi.nlm.nih.gov/pmc/articles/PMC4378543/,,"in vitro",Sunshine-2016-JVI
data/10-2014/sites/BCL-2-6-18.sites,230,chr19,50893503,R,5p,,,1,1,26912621,"Primary CD4+ T cells (Bcl-2 transduced)",https://www.ncbi.nlm.nih.gov/pmc/articles/PMC4378543/,,"in vitro",Sunshine-2016-JVI
data/10-2014/sites/BCL-2-6-18.sites,515,chr19,54086646,R,5p,,,1,1,26912621,"Primary CD4+ T cells (Bcl-2 transduced)",https://www.ncbi.nlm.nih.gov/pmc/articles/PMC4378543/,,"in vitro",Sunshine-2016-JVI
data/10-2014/sites/BCL-2-6-18.sites,126,chr19,59068977,R,5p,,,1,2,26912621,"Primary CD4+ T cells (Bcl-2 transduced)",https://www.ncbi.nlm.nih.gov/pmc/articles/PMC4378543/,,"in vitro",Sunshine-2016-JVI
data/10-2014/sites/BCL-2-6-18.sites,195,chr19,59068977,R,5p,,,2,2,26912621,"Primary CD4+ T cells (Bcl-2 transduced)",https://www.ncbi.nlm.nih.gov/pmc/articles/PMC4378543/,,"in vitro",Sunshine-2016-JVI
data/10-2014/sites/BCL-2-6-18.sites,68,chr2,69886685,R,5p,,,1,1,26912621,"Primary CD4+ T cells (Bcl-2 transduced)",https://www.ncbi.nlm.nih.gov/pmc/articles/PMC4378543/,,"in vitro",Sunshine-2016-JVI
data/10-2014/sites/BCL-2-6-18.sites,42,chr2,74177075,R,5p,,,1,1,26912621,"Primary CD4+ T cells (Bcl-2 transduced)",https://www.ncbi.nlm.nih.gov/pmc/articles/PMC4378543/,,"in vitro",Sunshine-2016-JVI
data/10-2014/sites/BCL-2-6-18.sites,201,chr2,86405509,R,5p,,,1,1,26912621,"Primary CD4+ T cells (Bcl-2 transduced)",https://www.ncbi.nlm.nih.gov/pmc/articles/PMC4378543/,,"in vitro",Sunshine-2016-JVI
data/10-2014/sites/BCL-2-6-18.sites,203,chr2,100099501,R,5p,,,1,1,26912621,"Primary CD4+ T cells (Bcl-2 transduced)",https://www.ncbi.nlm.nih.gov/pmc/articles/PMC4378543/,,"in vitro",Sunshine-2016-JVI
data/10-2014/sites/BCL-2-6-18.sites,355,chr2,148729870,R,5p,,,1,1,26912621,"Primary CD4+ T cells (Bcl-2 transduced)",https://www.ncbi.nlm.nih.gov/pmc/articles/PMC4378543/,,"in vitro",Sunshine-2016-JVI
data/10-2014/sites/BCL-2-6-18.sites,69,chr2,157351161,F,5p,,,1,1,26912621,"Primary CD4+ T cells (Bcl-2 transduced)",https://www.ncbi.nlm.nih.gov/pmc/articles/PMC4378543/,,"in vitro",Sunshine-2016-JVI
data/10-2014/sites/BCL-2-6-18.sites,208,chr2,158340282,F,5p,,,1,1,26912621,"Primary CD4+ T cells (Bcl-2 transduced)",https://www.ncbi.nlm.nih.gov/pmc/articles/PMC4378543/,,"in vitro",Sunshine-2016-JVI
data/10-2014/sites/BCL-2-6-18.sites,108,chr2,190665339,F,5p,,,1,2,26912621,"Primary CD4+ T cells (Bcl-2 transduced)",https://www.ncbi.nlm.nih.gov/pmc/articles/PMC4378543/,,"in vitro",Sunshine-2016-JVI
data/10-2014/sites/BCL-2-6-18.sites,164,chr2,190665339,F,5p,,,2,2,26912621,"Primary CD4+ T cells (Bcl-2 transduced)",https://www.ncbi.nlm.nih.gov/pmc/articles/PMC4378543/,,"in vitro",Sunshine-2016-JVI
data/10-2014/sites/BCL-2-6-18.sites,59,chr2,190863048,R,5p,,,1,1,26912621,"Primary CD4+ T cells (Bcl-2 transduced)",https://www.ncbi.nlm.nih.gov/pmc/articles/PMC4378543/,,"in vitro",Sunshine-2016-JVI
data/10-2014/sites/BCL-2-6-18.sites,43,chr2,197710864,F,5p,,,1,1,26912621,"Primary CD4+ T cells (Bcl-2 transduced)",https://www.ncbi.nlm.nih.gov/pmc/articles/PMC4378543/,,"in vitro",Sunshine-2016-JVI
data/10-2014/sites/BCL-2-6-18.sites,382,chr2,200798810,F,5p,,,1,1,26912621,"Primary CD4+ T cells (Bcl-2 transduced)",https://www.ncbi.nlm.nih.gov/pmc/articles/PMC4378543/,,"in vitro",Sunshine-2016-JVI
data/10-2014/sites/BCL-2-6-18.sites,73,chr2,221802652,F,5p,,,1,1,26912621,"Primary CD4+ T cells (Bcl-2 transduced)",https://www.ncbi.nlm.nih.gov/pmc/articles/PMC4378543/,,"in vitro",Sunshine-2016-JVI
data/10-2014/sites/BCL-2-6-18.sites,6,chr20,3985324,R,5p,,,1,1,26912621,"Primary CD4+ T cells (Bcl-2 transduced)",https://www.ncbi.nlm.nih.gov/pmc/articles/PMC4378543/,,"in vitro",Sunshine-2016-JVI
data/10-2014/sites/BCL-2-6-18.sites,85,chr20,31395590,F,5p,,,1,1,26912621,"Primary CD4+ T cells (Bcl-2 transduced)",https://www.ncbi.nlm.nih.gov/pmc/articles/PMC4378543/,,"in vitro",Sunshine-2016-JVI
data/10-2014/sites/BCL-2-6-18.sites,289,chr20,43652559,R,5p,,,1,1,26912621,"Primary CD4+ T cells (Bcl-2 transduced)",https://www.ncbi.nlm.nih.gov/pmc/articles/PMC4378543/,,"in vitro",Sunshine-2016-JVI
data/10-2014/sites/BCL-2-6-18.sites,52,chr20,58511079,F,5p,,,1,1,26912621,"Primary CD4+ T cells (Bcl-2 transduced)",https://www.ncbi.nlm.nih.gov/pmc/articles/PMC4378543/,,"in vitro",Sunshine-2016-JVI
data/10-2014/sites/BCL-2-6-18.sites,93,chr20,62357321,F,5p,,,1,1,26912621,"Primary CD4+ T cells (Bcl-2 transduced)",https://www.ncbi.nlm.nih.gov/pmc/articles/PMC4378543/,,"in vitro",Sunshine-2016-JVI
data/10-2014/sites/BCL-2-6-18.sites,302,chr20,62357327,F,5p,,,1,1,26912621,"Primary CD4+ T cells (Bcl-2 transduced)",https://www.ncbi.nlm.nih.gov/pmc/articles/PMC4378543/,,"in vitro",Sunshine-2016-JVI
data/10-2014/sites/BCL-2-6-18.sites,191,chr20,62620264,R,5p,,,1,1,26912621,"Primary CD4+ T cells (Bcl-2 transduced)",https://www.ncbi.nlm.nih.gov/pmc/articles/PMC4378543/,,"in vitro",Sunshine-2016-JVI
data/10-2014/sites/BCL-2-6-18.sites,193,chr21,14360139,R,5p,,,1,1,26912621,"Primary CD4+ T cells (Bcl-2 transduced)",https://www.ncbi.nlm.nih.gov/pmc/articles/PMC4378543/,,"in vitro",Sunshine-2016-JVI
data/10-2014/sites/BCL-2-6-18.sites,147,chr21,15416941,F,5p,,,1,2,26912621,"Primary CD4+ T cells (Bcl-2 transduced)",https://www.ncbi.nlm.nih.gov/pmc/articles/PMC4378543/,,"in vitro",Sunshine-2016-JVI
data/10-2014/sites/BCL-2-6-18.sites,124,chr21,15416941,F,5p,,,2,2,26912621,"Primary CD4+ T cells (Bcl-2 transduced)",https://www.ncbi.nlm.nih.gov/pmc/articles/PMC4378543/,,"in vitro",Sunshine-2016-JVI
data/10-2014/sites/BCL-2-6-18.sites,359,chr21,37724517,F,5p,,,1,1,26912621,"Primary CD4+ T cells (Bcl-2 transduced)",https://www.ncbi.nlm.nih.gov/pmc/articles/PMC4378543/,,"in vitro",Sunshine-2016-JVI
data/10-2014/sites/BCL-2-6-18.sites,405,chr21,47888940,F,5p,,,1,1,26912621,"Primary CD4+ T cells (Bcl-2 transduced)",https://www.ncbi.nlm.nih.gov/pmc/articles/PMC4378543/,,"in vitro",Sunshine-2016-JVI
data/10-2014/sites/BCL-2-6-18.sites,137,chr21,47898721,F,5p,,,1,1,26912621,"Primary CD4+ T cells (Bcl-2 transduced)",https://www.ncbi.nlm.nih.gov/pmc/articles/PMC4378543/,,"in vitro",Sunshine-2016-JVI
data/10-2014/sites/BCL-2-6-18.sites,3,chr22,38358800,R,5p,,,1,3,26912621,"Primary CD4+ T cells (Bcl-2 transduced)",https://www.ncbi.nlm.nih.gov/pmc/articles/PMC4378543/,,"in vitro",Sunshine-2016-JVI
data/10-2014/sites/BCL-2-6-18.sites,167,chr22,38358800,R,5p,,,2,3,26912621,"Primary CD4+ T cells (Bcl-2 transduced)",https://www.ncbi.nlm.nih.gov/pmc/articles/PMC4378543/,,"in vitro",Sunshine-2016-JVI
data/10-2014/sites/BCL-2-6-18.sites,179,chr22,38358800,R,5p,,,3,3,26912621,"Primary CD4+ T cells (Bcl-2 transduced)",https://www.ncbi.nlm.nih.gov/pmc/articles/PMC4378543/,,"in vitro",Sunshine-2016-JVI
data/10-2014/sites/BCL-2-6-18.sites,7,chr22,41363961,R,5p,,,1,2,26912621,"Primary CD4+ T cells (Bcl-2 transduced)",https://www.ncbi.nlm.nih.gov/pmc/articles/PMC4378543/,,"in vitro",Sunshine-2016-JVI
data/10-2014/sites/BCL-2-6-18.sites,308,chr22,41363961,R,5p,,,2,2,26912621,"Primary CD4+ T cells (Bcl-2 transduced)",https://www.ncbi.nlm.nih.gov/pmc/articles/PMC4378543/,,"in vitro",Sunshine-2016-JVI
data/10-2014/sites/BCL-2-6-18.sites,24,chr22,42482847,R,5p,,,1,1,26912621,"Primary CD4+ T cells (Bcl-2 transduced)",https://www.ncbi.nlm.nih.gov/pmc/articles/PMC4378543/,,"in vitro",Sunshine-2016-JVI
data/10-2014/sites/BCL-2-6-18.sites,98,chr22,42505259,F,5p,,,1,1,26912621,"Primary CD4+ T cells (Bcl-2 transduced)",https://www.ncbi.nlm.nih.gov/pmc/articles/PMC4378543/,,"in vitro",Sunshine-2016-JVI
data/10-2014/sites/BCL-2-6-18.sites,97,chr22,50954496,R,5p,,,1,2,26912621,"Primary CD4+ T cells (Bcl-2 transduced)",https://www.ncbi.nlm.nih.gov/pmc/articles/PMC4378543/,,"in vitro",Sunshine-2016-JVI
data/10-2014/sites/BCL-2-6-18.sites,200,chr22,50954496,R,5p,,,2,2,26912621,"Primary CD4+ T cells (Bcl-2 transduced)",https://www.ncbi.nlm.nih.gov/pmc/articles/PMC4378543/,,"in vitro",Sunshine-2016-JVI
data/10-2014/sites/BCL-2-6-18.sites,417,chr3,23794012,R,3p,,,1,1,26912621,"Primary CD4+ T cells (Bcl-2 transduced)",https://www.ncbi.nlm.nih.gov/pmc/articles/PMC4378543/,,"in vitro",Sunshine-2016-JVI
data/10-2014/sites/BCL-2-6-18.sites,305,chr3,51462603,R,5p,,,1,2,26912621,"Primary CD4+ T cells (Bcl-2 transduced)",https://www.ncbi.nlm.nih.gov/pmc/articles/PMC4378543/,,"in vitro",Sunshine-2016-JVI
data/10-2014/sites/BCL-2-6-18.sites,402,chr3,51462603,R,5p,,,2,2,26912621,"Primary CD4+ T cells (Bcl-2 transduced)",https://www.ncbi.nlm.nih.gov/pmc/articles/PMC4378543/,,"in vitro",Sunshine-2016-JVI
data/10-2014/sites/BCL-2-6-18.sites,326,chr3,107523035,R,5p,,,1,1,26912621,"Primary CD4+ T cells (Bcl-2 transduced)",https://www.ncbi.nlm.nih.gov/pmc/articles/PMC4378543/,,"in vitro",Sunshine-2016-JVI
data/10-2014/sites/BCL-2-6-18.sites,25,chr3,124944654,F,5p,,,1,1,26912621,"Primary CD4+ T cells (Bcl-2 transduced)",https://www.ncbi.nlm.nih.gov/pmc/articles/PMC4378543/,,"in vitro",Sunshine-2016-JVI
data/10-2014/sites/BCL-2-6-18.sites,407,chr3,197484609,F,3p,,,1,1,26912621,"Primary CD4+ T cells (Bcl-2 transduced)",https://www.ncbi.nlm.nih.gov/pmc/articles/PMC4378543/,,"in vitro",Sunshine-2016-JVI
data/10-2014/sites/BCL-2-6-18.sites,294,chr4,39178006,R,5p,,,1,1,26912621,"Primary CD4+ T cells (Bcl-2 transduced)",https://www.ncbi.nlm.nih.gov/pmc/articles/PMC4378543/,,"in vitro",Sunshine-2016-JVI
data/10-2014/sites/BCL-2-6-18.sites,290,chr4,82977543,R,5p,,,1,1,26912621,"Primary CD4+ T cells (Bcl-2 transduced)",https://www.ncbi.nlm.nih.gov/pmc/articles/PMC4378543/,,"in vitro",Sunshine-2016-JVI
data/10-2014/sites/BCL-2-6-18.sites,219,chr4,103225055,R,5p,,,1,1,26912621,"Primary CD4+ T cells (Bcl-2 transduced)",https://www.ncbi.nlm.nih.gov/pmc/articles/PMC4378543/,,"in vitro",Sunshine-2016-JVI
data/10-2014/sites/BCL-2-6-18.sites,14,chr4,143348166,F,5p,,,1,2,26912621,"Primary CD4+ T cells (Bcl-2 transduced)",https://www.ncbi.nlm.nih.gov/pmc/articles/PMC4378543/,,"in vitro",Sunshine-2016-JVI
data/10-2014/sites/BCL-2-6-18.sites,212,chr4,143348166,F,5p,,,2,2,26912621,"Primary CD4+ T cells (Bcl-2 transduced)",https://www.ncbi.nlm.nih.gov/pmc/articles/PMC4378543/,,"in vitro",Sunshine-2016-JVI
data/10-2014/sites/BCL-2-6-18.sites,67,chr4,174295299,F,5p,,,1,1,26912621,"Primary CD4+ T cells (Bcl-2 transduced)",https://www.ncbi.nlm.nih.gov/pmc/articles/PMC4378543/,,"in vitro",Sunshine-2016-JVI
data/10-2014/sites/BCL-2-6-18.sites,70,chr5,21510307,F,5p,,,1,1,26912621,"Primary CD4+ T cells (Bcl-2 transduced)",https://www.ncbi.nlm.nih.gov/pmc/articles/PMC4378543/,,"in vitro",Sunshine-2016-JVI
data/10-2014/sites/BCL-2-6-18.sites,174,chr5,43645568,F,5p,,,1,1,26912621,"Primary CD4+ T cells (Bcl-2 transduced)",https://www.ncbi.nlm.nih.gov/pmc/articles/PMC4378543/,,"in vitro",Sunshine-2016-JVI
data/10-2014/sites/BCL-2-6-18.sites,18,chr5,118862456,R,5p,,,1,1,26912621,"Primary CD4+ T cells (Bcl-2 transduced)",https://www.ncbi.nlm.nih.gov/pmc/articles/PMC4378543/,,"in vitro",Sunshine-2016-JVI
data/10-2014/sites/BCL-2-6-18.sites,84,chr5,134129697,F,5p,,,1,1,26912621,"Primary CD4+ T cells (Bcl-2 transduced)",https://www.ncbi.nlm.nih.gov/pmc/articles/PMC4378543/,,"in vitro",Sunshine-2016-JVI
data/10-2014/sites/BCL-2-6-18.sites,153,chr5,142788604,F,5p,,,1,1,26912621,"Primary CD4+ T cells (Bcl-2 transduced)",https://www.ncbi.nlm.nih.gov/pmc/articles/PMC4378543/,,"in vitro",Sunshine-2016-JVI
data/10-2014/sites/BCL-2-6-18.sites,385,chr5,154295631,R,5p,,,1,1,26912621,"Primary CD4+ T cells (Bcl-2 transduced)",https://www.ncbi.nlm.nih.gov/pmc/articles/PMC4378543/,,"in vitro",Sunshine-2016-JVI
data/10-2014/sites/BCL-2-6-18.sites,2,chr5,156631248,R,5p,,,1,1,26912621,"Primary CD4+ T cells (Bcl-2 transduced)",https://www.ncbi.nlm.nih.gov/pmc/articles/PMC4378543/,,"in vitro",Sunshine-2016-JVI
data/10-2014/sites/BCL-2-6-18.sites,177,chr5,180679875,R,5p,,,1,1,26912621,"Primary CD4+ T cells (Bcl-2 transduced)",https://www.ncbi.nlm.nih.gov/pmc/articles/PMC4378543/,,"in vitro",Sunshine-2016-JVI
data/10-2014/sites/BCL-2-6-18.sites,60,chr6,2839248,R,5p,,,1,1,26912621,"Primary CD4+ T cells (Bcl-2 transduced)",https://www.ncbi.nlm.nih.gov/pmc/articles/PMC4378543/,,"in vitro",Sunshine-2016-JVI
data/10-2014/sites/BCL-2-6-18.sites,134,chr6,33673678,R,5p,,,1,1,26912621,"Primary CD4+ T cells (Bcl-2 transduced)",https://www.ncbi.nlm.nih.gov/pmc/articles/PMC4378543/,,"in vitro",Sunshine-2016-JVI
data/10-2014/sites/BCL-2-6-18.sites,430,chr6,74230954,R,3p,,,1,1,26912621,"Primary CD4+ T cells (Bcl-2 transduced)",https://www.ncbi.nlm.nih.gov/pmc/articles/PMC4378543/,,"in vitro",Sunshine-2016-JVI
data/10-2014/sites/BCL-2-6-18.sites,425,chr6,79777674,F,3p,,,1,1,26912621,"Primary CD4+ T cells (Bcl-2 transduced)",https://www.ncbi.nlm.nih.gov/pmc/articles/PMC4378543/,,"in vitro",Sunshine-2016-JVI
data/10-2014/sites/BCL-2-6-18.sites,285,chr6,99393589,R,5p,,,1,1,26912621,"Primary CD4+ T cells (Bcl-2 transduced)",https://www.ncbi.nlm.nih.gov/pmc/articles/PMC4378543/,,"in vitro",Sunshine-2016-JVI
data/10-2014/sites/BCL-2-6-18.sites,94,chr6,152497744,F,5p,,,1,1,26912621,"Primary CD4+ T cells (Bcl-2 transduced)",https://www.ncbi.nlm.nih.gov/pmc/articles/PMC4378543/,,"in vitro",Sunshine-2016-JVI
data/10-2014/sites/BCL-2-6-18.sites,112,chr6,163832039,R,5p,,,1,2,26912621,"Primary CD4+ T cells (Bcl-2 transduced)",https://www.ncbi.nlm.nih.gov/pmc/articles/PMC4378543/,,"in vitro",Sunshine-2016-JVI
data/10-2014/sites/BCL-2-6-18.sites,165,chr6,163832039,R,5p,,,2,2,26912621,"Primary CD4+ T cells (Bcl-2 transduced)",https://www.ncbi.nlm.nih.gov/pmc/articles/PMC4378543/,,"in vitro",Sunshine-2016-JVI
data/10-2014/sites/BCL-2-6-18.sites,196,chr7,7961607,F,5p,,,1,1,26912621,"Primary CD4+ T cells (Bcl-2 transduced)",https://www.ncbi.nlm.nih.gov/pmc/articles/PMC4378543/,,"in vitro",Sunshine-2016-JVI
data/10-2014/sites/BCL-2-6-18.sites,35,chr7,33714288,R,5p,,,1,1,26912621,"Primary CD4+ T cells (Bcl-2 transduced)",https://www.ncbi.nlm.nih.gov/pmc/articles/PMC4378543/,,"in vitro",Sunshine-2016-JVI
data/10-2014/sites/BCL-2-6-18.sites,152,chr7,44094370,F,5p,,,1,1,26912621,"Primary CD4+ T cells (Bcl-2 transduced)",https://www.ncbi.nlm.nih.gov/pmc/articles/PMC4378543/,,"in vitro",Sunshine-2016-JVI
data/10-2014/sites/BCL-2-6-18.sites,127,chr7,99813542,R,5p,,,1,1,26912621,"Primary CD4+ T cells (Bcl-2 transduced)",https://www.ncbi.nlm.nih.gov/pmc/articles/PMC4378543/,,"in vitro",Sunshine-2016-JVI
data/10-2014/sites/BCL-2-6-18.sites,297,chr7,138788334,R,5p,,,1,1,26912621,"Primary CD4+ T cells (Bcl-2 transduced)",https://www.ncbi.nlm.nih.gov/pmc/articles/PMC4378543/,,"in vitro",Sunshine-2016-JVI
data/10-2014/sites/BCL-2-6-18.sites,20,chr7,149138415,F,5p,,,1,1,26912621,"Primary CD4+ T cells (Bcl-2 transduced)",https://www.ncbi.nlm.nih.gov/pmc/articles/PMC4378543/,,"in vitro",Sunshine-2016-JVI
data/10-2014/sites/BCL-2-6-18.sites,281,chr7,155509392,R,5p,,,1,1,26912621,"Primary CD4+ T cells (Bcl-2 transduced)",https://www.ncbi.nlm.nih.gov/pmc/articles/PMC4378543/,,"in vitro",Sunshine-2016-JVI
data/10-2014/sites/BCL-2-6-18.sites,216,chr8,54656745,F,5p,,,1,1,26912621,"Primary CD4+ T cells (Bcl-2 transduced)",https://www.ncbi.nlm.nih.gov/pmc/articles/PMC4378543/,,"in vitro",Sunshine-2016-JVI
data/10-2014/sites/BCL-2-6-18.sites,412,chr8,79430837,R,5p,,,1,2,26912621,"Primary CD4+ T cells (Bcl-2 transduced)",https://www.ncbi.nlm.nih.gov/pmc/articles/PMC4378543/,,"in vitro",Sunshine-2016-JVI
data/10-2014/sites/BCL-2-6-18.sites,413,chr8,79430837,R,5p,,,2,2,26912621,"Primary CD4+ T cells (Bcl-2 transduced)",https://www.ncbi.nlm.nih.gov/pmc/articles/PMC4378543/,,"in vitro",Sunshine-2016-JVI
data/10-2014/sites/BCL-2-6-18.sites,337,chr8,109906782,F,5p,,,1,1,26912621,"Primary CD4+ T cells (Bcl-2 transduced)",https://www.ncbi.nlm.nih.gov/pmc/articles/PMC4378543/,,"in vitro",Sunshine-2016-JVI
data/10-2014/sites/BCL-2-6-18.sites,428,chr8,121474483,F,3p,,,1,2,26912621,"Primary CD4+ T cells (Bcl-2 transduced)",https://www.ncbi.nlm.nih.gov/pmc/articles/PMC4378543/,,"in vitro",Sunshine-2016-JVI
data/10-2014/sites/BCL-2-6-18.sites,429,chr8,121474483,F,3p,,,2,2,26912621,"Primary CD4+ T cells (Bcl-2 transduced)",https://www.ncbi.nlm.nih.gov/pmc/articles/PMC4378543/,,"in vitro",Sunshine-2016-JVI
data/10-2014/sites/BCL-2-6-18.sites,199,chr8,133751878,F,5p,,,1,1,26912621,"Primary CD4+ T cells (Bcl-2 transduced)",https://www.ncbi.nlm.nih.gov/pmc/articles/PMC4378543/,,"in vitro",Sunshine-2016-JVI
data/10-2014/sites/BCL-2-6-18.sites,28,chr8,145042759,R,5p,,,1,1,26912621,"Primary CD4+ T cells (Bcl-2 transduced)",https://www.ncbi.nlm.nih.gov/pmc/articles/PMC4378543/,,"in vitro",Sunshine-2016-JVI
data/10-2014/sites/BCL-2-6-18.sites,218,chr8,146006174,F,5p,,,1,1,26912621,"Primary CD4+ T cells (Bcl-2 transduced)",https://www.ncbi.nlm.nih.gov/pmc/articles/PMC4378543/,,"in vitro",Sunshine-2016-JVI
data/10-2014/sites/BCL-2-6-18.sites,190,chr9,15549879,R,5p,,,1,1,26912621,"Primary CD4+ T cells (Bcl-2 transduced)",https://www.ncbi.nlm.nih.gov/pmc/articles/PMC4378543/,,"in vitro",Sunshine-2016-JVI
data/10-2014/sites/BCL-2-6-18.sites,524,chr9,26939288,F,5p,,,1,1,26912621,"Primary CD4+ T cells (Bcl-2 transduced)",https://www.ncbi.nlm.nih.gov/pmc/articles/PMC4378543/,,"in vitro",Sunshine-2016-JVI
data/10-2014/sites/BCL-2-6-18.sites,163,chr9,36364903,R,5p,,,1,1,26912621,"Primary CD4+ T cells (Bcl-2 transduced)",https://www.ncbi.nlm.nih.gov/pmc/articles/PMC4378543/,,"in vitro",Sunshine-2016-JVI
data/10-2014/sites/BCL-2-6-18.sites,83,chr9,123686115,F,5p,,,1,1,26912621,"Primary CD4+ T cells (Bcl-2 transduced)",https://www.ncbi.nlm.nih.gov/pmc/articles/PMC4378543/,,"in vitro",Sunshine-2016-JVI
data/10-2014/sites/BCL-2-6-18.sites,234,chr9,130937917,R,5p,,,1,1,26912621,"Primary CD4+ T cells (Bcl-2 transduced)",https://www.ncbi.nlm.nih.gov/pmc/articles/PMC4378543/,,"in vitro",Sunshine-2016-JVI
data/10-2014/sites/BCL-2-6-18.sites,414,chr9,131455796,F,5p,,,1,1,26912621,"Primary CD4+ T cells (Bcl-2 transduced)",https://www.ncbi.nlm.nih.gov/pmc/articles/PMC4378543/,,"in vitro",Sunshine-2016-JVI
data/10-2014/sites/BCL-2-6-18.sites,519,chr9,139306981,F,5p,,,1,2,26912621,"Primary CD4+ T cells (Bcl-2 transduced)",https://www.ncbi.nlm.nih.gov/pmc/articles/PMC4378543/,,"in vitro",Sunshine-2016-JVI
data/10-2014/sites/BCL-2-6-18.sites,518,chr9,139306981,F,5p,,,2,2,26912621,"Primary CD4+ T cells (Bcl-2 transduced)",https://www.ncbi.nlm.nih.gov/pmc/articles/PMC4378543/,,"in vitro",Sunshine-2016-JVI
data/10-2014/sites/BCL-2-6-18.sites,349,chr9,139920311,R,5p,,,1,1,26912621,"Primary CD4+ T cells (Bcl-2 transduced)",https://www.ncbi.nlm.nih.gov/pmc/articles/PMC4378543/,,"in vitro",Sunshine-2016-JVI
data/10-2014/sites/BCL-2-6-18.sites,517,chr9,140574807,F,5p,,,1,1,26912621,"Primary CD4+ T cells (Bcl-2 transduced)",https://www.ncbi.nlm.nih.gov/pmc/articles/PMC4378543/,,"in vitro",Sunshine-2016-JVI
data/10-2014/sites/BCL-2-6-18.sites,103,chr9,140625579,R,5p,,,1,1,26912621,"Primary CD4+ T cells (Bcl-2 transduced)",https://www.ncbi.nlm.nih.gov/pmc/articles/PMC4378543/,,"in vitro",Sunshine-2016-JVI
data/10-2014/sites/BCL-2-6-18.sites,146,chr9,140632306,R,5p,,,1,1,26912621,"Primary CD4+ T cells (Bcl-2 transduced)",https://www.ncbi.nlm.nih.gov/pmc/articles/PMC4378543/,,"in vitro",Sunshine-2016-JVI
data/10-2014/sites/BCL-2-6-18.sites,228,chrX,21407471,R,5p,,,1,1,26912621,"Primary CD4+ T cells (Bcl-2 transduced)",https://www.ncbi.nlm.nih.gov/pmc/articles/PMC4378543/,,"in vitro",Sunshine-2016-JVI
data/10-2014/sites/BCL-2-6-18.sites,373,chrX,53771101,F,5p,,,1,1,26912621,"Primary CD4+ T cells (Bcl-2 transduced)",https://www.ncbi.nlm.nih.gov/pmc/articles/PMC4378543/,,"in vitro",Sunshine-2016-JVI
data/10-2014/sites/BCL-2-6-18.sites,15,chrX,54246042,F,5p,,,1,3,26912621,"Primary CD4+ T cells (Bcl-2 transduced)",https://www.ncbi.nlm.nih.gov/pmc/articles/PMC4378543/,,"in vitro",Sunshine-2016-JVI
data/10-2014/sites/BCL-2-6-18.sites,41,chrX,54246042,F,5p,,,2,3,26912621,"Primary CD4+ T cells (Bcl-2 transduced)",https://www.ncbi.nlm.nih.gov/pmc/articles/PMC4378543/,,"in vitro",Sunshine-2016-JVI
data/10-2014/sites/BCL-2-6-18.sites,140,chrX,54246042,F,5p,,,3,3,26912621,"Primary CD4+ T cells (Bcl-2 transduced)",https://www.ncbi.nlm.nih.gov/pmc/articles/PMC4378543/,,"in vitro",Sunshine-2016-JVI
data/10-2014/sites/BCL-2-6-18.sites,419,chrX,56563899,R,5p,,,1,1,26912621,"Primary CD4+ T cells (Bcl-2 transduced)",https://www.ncbi.nlm.nih.gov/pmc/articles/PMC4378543/,,"in vitro",Sunshine-2016-JVI
data/10-2014/sites/BCL-2-6-18.sites,81,chrX,109312096,F,5p,,,1,1,26912621,"Primary CD4+ T cells (Bcl-2 transduced)",https://www.ncbi.nlm.nih.gov/pmc/articles/PMC4378543/,,"in vitro",Sunshine-2016-JVI
data/10-2014/sites/BCL-2-6-18.sites,334,chrX,154263042,F,5p,,,1,1,26912621,"Primary CD4+ T cells (Bcl-2 transduced)",https://www.ncbi.nlm.nih.gov/pmc/articles/PMC4378543/,,"in vitro",Sunshine-2016-JVI
data/10-2014/sites/CD4-I-6-18.sites,35,chr1,25768301,R,5p,,,1,1,26912621,"Primary central memory CD4+ T cells",https://www.ncbi.nlm.nih.gov/pmc/articles/PMC2614643/,,"in vitro",Sunshine-2016-JVI
data/10-2014/sites/CD4-I-6-18.sites,65,chr1,80245485,R,3p,,,1,1,26912621,"Primary central memory CD4+ T cells",https://www.ncbi.nlm.nih.gov/pmc/articles/PMC2614643/,,"in vitro",Sunshine-2016-JVI
data/10-2014/sites/CD4-I-6-18.sites,5,chr1,106406503,F,3p,,,1,1,26912621,"Primary central memory CD4+ T cells",https://www.ncbi.nlm.nih.gov/pmc/articles/PMC2614643/,,"in vitro",Sunshine-2016-JVI
data/10-2014/sites/CD4-I-6-18.sites,23,chr1,109837440,F,3p,,,1,1,26912621,"Primary central memory CD4+ T cells",https://www.ncbi.nlm.nih.gov/pmc/articles/PMC2614643/,,"in vitro",Sunshine-2016-JVI
data/10-2014/sites/CD4-I-6-18.sites,85,chr1,115142537,F,3p,,,1,1,26912621,"Primary central memory CD4+ T cells",https://www.ncbi.nlm.nih.gov/pmc/articles/PMC2614643/,,"in vitro",Sunshine-2016-JVI
data/10-2014/sites/CD4-I-6-18.sites,3,chr1,194305888,R,3p,,,1,1,26912621,"Primary central memory CD4+ T cells",https://www.ncbi.nlm.nih.gov/pmc/articles/PMC2614643/,,"in vitro",Sunshine-2016-JVI
data/10-2014/sites/CD4-I-6-18.sites,45,chr1,211624358,R,5p,,,1,1,26912621,"Primary central memory CD4+ T cells",https://www.ncbi.nlm.nih.gov/pmc/articles/PMC2614643/,,"in vitro",Sunshine-2016-JVI
data/10-2014/sites/CD4-I-6-18.sites,14,chr10,96762937,R,5p,,,1,1,26912621,"Primary central memory CD4+ T cells",https://www.ncbi.nlm.nih.gov/pmc/articles/PMC2614643/,,"in vitro",Sunshine-2016-JVI
data/10-2014/sites/CD4-I-6-18.sites,51,chr10,104050643,R,5p,,,1,1,26912621,"Primary central memory CD4+ T cells",https://www.ncbi.nlm.nih.gov/pmc/articles/PMC2614643/,,"in vitro",Sunshine-2016-JVI
data/10-2014/sites/CD4-I-6-18.sites,30,chr10,105195597,R,5p,,,1,2,26912621,"Primary central memory CD4+ T cells",https://www.ncbi.nlm.nih.gov/pmc/articles/PMC2614643/,,"in vitro",Sunshine-2016-JVI
data/10-2014/sites/CD4-I-6-18.sites,36,chr10,105195597,R,5p,,,2,2,26912621,"Primary central memory CD4+ T cells",https://www.ncbi.nlm.nih.gov/pmc/articles/PMC2614643/,,"in vitro",Sunshine-2016-JVI
data/10-2014/sites/CD4-I-6-18.sites,26,chr11,14552051,R,5p,,,1,1,26912621,"Primary central memory CD4+ T cells",https://www.ncbi.nlm.nih.gov/pmc/articles/PMC2614643/,,"in vitro",Sunshine-2016-JVI
data/10-2014/sites/CD4-I-6-18.sites,11,chr11,28148365,F,5p,,,1,1,26912621,"Primary central memory CD4+ T cells",https://www.ncbi.nlm.nih.gov/pmc/articles/PMC2614643/,,"in vitro",Sunshine-2016-JVI
data/10-2014/sites/CD4-I-6-18.sites,43,chr11,47001492,F,5p,,,1,1,26912621,"Primary central memory CD4+ T cells",https://www.ncbi.nlm.nih.gov/pmc/articles/PMC2614643/,,"in vitro",Sunshine-2016-JVI
data/10-2014/sites/CD4-I-6-18.sites,28,chr12,23793488,F,3p,,,1,1,26912621,"Primary central memory CD4+ T cells",https://www.ncbi.nlm.nih.gov/pmc/articles/PMC2614643/,,"in vitro",Sunshine-2016-JVI
data/10-2014/sites/CD4-I-6-18.sites,20,chr12,27186358,F,5p,,,1,1,26912621,"Primary central memory CD4+ T cells",https://www.ncbi.nlm.nih.gov/pmc/articles/PMC2614643/,,"in vitro",Sunshine-2016-JVI
data/10-2014/sites/CD4-I-6-18.sites,4,chr12,126947612,R,3p,,,1,1,26912621,"Primary central memory CD4+ T cells",https://www.ncbi.nlm.nih.gov/pmc/articles/PMC2614643/,,"in vitro",Sunshine-2016-JVI
data/10-2014/sites/CD4-I-6-18.sites,98,chr12,126947612,R,3p,,,1,1,26912621,"Primary central memory CD4+ T cells",https://www.ncbi.nlm.nih.gov/pmc/articles/PMC2614643/,,"in vitro",Sunshine-2016-JVI
data/10-2014/sites/CD4-I-6-18.sites,31,chr12,132212694,R,5p,,,1,2,26912621,"Primary central memory CD4+ T cells",https://www.ncbi.nlm.nih.gov/pmc/articles/PMC2614643/,,"in vitro",Sunshine-2016-JVI
data/10-2014/sites/CD4-I-6-18.sites,32,chr12,132212694,R,5p,,,2,2,26912621,"Primary central memory CD4+ T cells",https://www.ncbi.nlm.nih.gov/pmc/articles/PMC2614643/,,"in vitro",Sunshine-2016-JVI
data/10-2014/sites/CD4-I-6-18.sites,92,chr13,96843839,R,3p,,,1,1,26912621,"Primary central memory CD4+ T cells",https://www.ncbi.nlm.nih.gov/pmc/articles/PMC2614643/,,"in vitro",Sunshine-2016-JVI
data/10-2014/sites/CD4-I-6-18.sites,7,chr15,60137690,R,5p,,,1,1,26912621,"Primary central memory CD4+ T cells",https://www.ncbi.nlm.nih.gov/pmc/articles/PMC2614643/,,"in vitro",Sunshine-2016-JVI
data/10-2014/sites/CD4-I-6-18.sites,33,chr15,101171550,F,5p,,,1,1,26912621,"Primary central memory CD4+ T cells",https://www.ncbi.nlm.nih.gov/pmc/articles/PMC2614643/,,"in vitro",Sunshine-2016-JVI
data/10-2014/sites/CD4-I-6-18.sites,21,chr16,11629331,R,3p,,,1,1,26912621,"Primary central memory CD4+ T cells",https://www.ncbi.nlm.nih.gov/pmc/articles/PMC2614643/,,"in vitro",Sunshine-2016-JVI
data/10-2014/sites/CD4-I-6-18.sites,81,chr16,78579720,F,3p,,,1,1,26912621,"Primary central memory CD4+ T cells",https://www.ncbi.nlm.nih.gov/pmc/articles/PMC2614643/,,"in vitro",Sunshine-2016-JVI
data/10-2014/sites/CD4-I-6-18.sites,91,chr17,53245540,R,3p,,,1,1,26912621,"Primary central memory CD4+ T cells",https://www.ncbi.nlm.nih.gov/pmc/articles/PMC2614643/,,"in vitro",Sunshine-2016-JVI
data/10-2014/sites/CD4-I-6-18.sites,13,chr17,70568066,R,5p,,,1,1,26912621,"Primary central memory CD4+ T cells",https://www.ncbi.nlm.nih.gov/pmc/articles/PMC2614643/,,"in vitro",Sunshine-2016-JVI
data/10-2014/sites/CD4-I-6-18.sites,18,chr17,74505825,F,3p,,,1,1,26912621,"Primary central memory CD4+ T cells",https://www.ncbi.nlm.nih.gov/pmc/articles/PMC2614643/,,"in vitro",Sunshine-2016-JVI
data/10-2014/sites/CD4-I-6-18.sites,39,chr17,80358905,F,5p,,,1,1,26912621,"Primary central memory CD4+ T cells",https://www.ncbi.nlm.nih.gov/pmc/articles/PMC2614643/,,"in vitro",Sunshine-2016-JVI
data/10-2014/sites/CD4-I-6-18.sites,42,chr17,80498695,F,5p,,,1,1,26912621,"Primary central memory CD4+ T cells",https://www.ncbi.nlm.nih.gov/pmc/articles/PMC2614643/,,"in vitro",Sunshine-2016-JVI
data/10-2014/sites/CD4-I-6-18.sites,50,chr19,2265267,F,5p,,,1,1,26912621,"Primary central memory CD4+ T cells",https://www.ncbi.nlm.nih.gov/pmc/articles/PMC2614643/,,"in vitro",Sunshine-2016-JVI
data/10-2014/sites/CD4-I-6-18.sites,52,chr19,14242164,F,5p,,,1,1,26912621,"Primary central memory CD4+ T cells",https://www.ncbi.nlm.nih.gov/pmc/articles/PMC2614643/,,"in vitro",Sunshine-2016-JVI
data/10-2014/sites/CD4-I-6-18.sites,90,chr19,31652543,R,3p,,,1,1,26912621,"Primary central memory CD4+ T cells",https://www.ncbi.nlm.nih.gov/pmc/articles/PMC2614643/,,"in vitro",Sunshine-2016-JVI
data/10-2014/sites/CD4-I-6-18.sites,77,chr19,31652603,R,3p,,,1,1,26912621,"Primary central memory CD4+ T cells",https://www.ncbi.nlm.nih.gov/pmc/articles/PMC2614643/,,"in vitro",Sunshine-2016-JVI
data/10-2014/sites/CD4-I-6-18.sites,97,chr19,31985555,F,5p,,,1,1,26912621,"Primary central memory CD4+ T cells",https://www.ncbi.nlm.nih.gov/pmc/articles/PMC2614643/,,"in vitro",Sunshine-2016-JVI
data/10-2014/sites/CD4-I-6-18.sites,2,chr2,26642701,R,3p,,,1,1,26912621,"Primary central memory CD4+ T cells",https://www.ncbi.nlm.nih.gov/pmc/articles/PMC2614643/,,"in vitro",Sunshine-2016-JVI
data/10-2014/sites/CD4-I-6-18.sites,48,chr2,48556042,F,5p,,,1,1,26912621,"Primary central memory CD4+ T cells",https://www.ncbi.nlm.nih.gov/pmc/articles/PMC2614643/,,"in vitro",Sunshine-2016-JVI
data/10-2014/sites/CD4-I-6-18.sites,74,chr2,168977183,R,3p,,,1,1,26912621,"Primary central memory CD4+ T cells",https://www.ncbi.nlm.nih.gov/pmc/articles/PMC2614643/,,"in vitro",Sunshine-2016-JVI
data/10-2014/sites/CD4-I-6-18.sites,64,chr2,218507256,F,3p,,,1,1,26912621,"Primary central memory CD4+ T cells",https://www.ncbi.nlm.nih.gov/pmc/articles/PMC2614643/,,"in vitro",Sunshine-2016-JVI
data/10-2014/sites/CD4-I-6-18.sites,49,chr2,238679610,F,5p,,,1,1,26912621,"Primary central memory CD4+ T cells",https://www.ncbi.nlm.nih.gov/pmc/articles/PMC2614643/,,"in vitro",Sunshine-2016-JVI
data/10-2014/sites/CD4-I-6-18.sites,47,chr21,47948781,F,5p,,,1,2,26912621,"Primary central memory CD4+ T cells",https://www.ncbi.nlm.nih.gov/pmc/articles/PMC2614643/,,"in vitro",Sunshine-2016-JVI
data/10-2014/sites/CD4-I-6-18.sites,46,chr21,47948781,F,5p,,,2,2,26912621,"Primary central memory CD4+ T cells",https://www.ncbi.nlm.nih.gov/pmc/articles/PMC2614643/,,"in vitro",Sunshine-2016-JVI
data/10-2014/sites/CD4-I-6-18.sites,70,chr3,130261882,R,5p,,,1,1,26912621,"Primary central memory CD4+ T cells",https://www.ncbi.nlm.nih.gov/pmc/articles/PMC2614643/,,"in vitro",Sunshine-2016-JVI
data/10-2014/sites/CD4-I-6-18.sites,99,chr3,142567294,R,5p,,,1,1,26912621,"Primary central memory CD4+ T cells",https://www.ncbi.nlm.nih.gov/pmc/articles/PMC2614643/,,"in vitro",Sunshine-2016-JVI
data/10-2014/sites/CD4-I-6-18.sites,87,chr3,148149744,R,5p,,,1,1,26912621,"Primary central memory CD4+ T cells",https://www.ncbi.nlm.nih.gov/pmc/articles/PMC2614643/,,"in vitro",Sunshine-2016-JVI
data/10-2014/sites/CD4-I-6-18.sites,80,chr3,164896118,F,3p,,,1,1,26912621,"Primary central memory CD4+ T cells",https://www.ncbi.nlm.nih.gov/pmc/articles/PMC2614643/,,"in vitro",Sunshine-2016-JVI
data/10-2014/sites/CD4-I-6-18.sites,29,chr4,5674955,F,3p,,,1,1,26912621,"Primary central memory CD4+ T cells",https://www.ncbi.nlm.nih.gov/pmc/articles/PMC2614643/,,"in vitro",Sunshine-2016-JVI
data/10-2014/sites/CD4-I-6-18.sites,68,chr4,111003730,F,3p,,,1,1,26912621,"Primary central memory CD4+ T cells",https://www.ncbi.nlm.nih.gov/pmc/articles/PMC2614643/,,"in vitro",Sunshine-2016-JVI
data/10-2014/sites/CD4-I-6-18.sites,22,chr4,146824250,R,5p,,,1,1,26912621,"Primary central memory CD4+ T cells",https://www.ncbi.nlm.nih.gov/pmc/articles/PMC2614643/,,"in vitro",Sunshine-2016-JVI
data/10-2014/sites/CD4-I-6-18.sites,10,chr4,168791420,R,5p,,,1,1,26912621,"Primary central memory CD4+ T cells",https://www.ncbi.nlm.nih.gov/pmc/articles/PMC2614643/,,"in vitro",Sunshine-2016-JVI
data/10-2014/sites/CD4-I-6-18.sites,66,chr5,11065433,F,5p,,,1,1,26912621,"Primary central memory CD4+ T cells",https://www.ncbi.nlm.nih.gov/pmc/articles/PMC2614643/,,"in vitro",Sunshine-2016-JVI
data/10-2014/sites/CD4-I-6-18.sites,86,chr5,121418328,R,5p,,,1,1,26912621,"Primary central memory CD4+ T cells",https://www.ncbi.nlm.nih.gov/pmc/articles/PMC2614643/,,"in vitro",Sunshine-2016-JVI
data/10-2014/sites/CD4-I-6-18.sites,34,chr6,136103930,F,3p,,,1,1,26912621,"Primary central memory CD4+ T cells",https://www.ncbi.nlm.nih.gov/pmc/articles/PMC2614643/,,"in vitro",Sunshine-2016-JVI
data/10-2014/sites/CD4-I-6-18.sites,56,chr7,33059397,R,5p,,,1,1,26912621,"Primary central memory CD4+ T cells",https://www.ncbi.nlm.nih.gov/pmc/articles/PMC2614643/,,"in vitro",Sunshine-2016-JVI
data/10-2014/sites/CD4-I-6-18.sites,61,chr7,45084507,R,5p,,,1,1,26912621,"Primary central memory CD4+ T cells",https://www.ncbi.nlm.nih.gov/pmc/articles/PMC2614643/,,"in vitro",Sunshine-2016-JVI
data/10-2014/sites/CD4-I-6-18.sites,25,chr8,56494993,F,3p,,,1,1,26912621,"Primary central memory CD4+ T cells",https://www.ncbi.nlm.nih.gov/pmc/articles/PMC2614643/,,"in vitro",Sunshine-2016-JVI
data/10-2014/sites/CD4-I-6-18.sites,15,chr8,89377014,R,5p,,,1,1,26912621,"Primary central memory CD4+ T cells",https://www.ncbi.nlm.nih.gov/pmc/articles/PMC2614643/,,"in vitro",Sunshine-2016-JVI
data/10-2014/sites/CD4-I-6-18.sites,93,chr8,104244669,F,3p,,,1,2,26912621,"Primary central memory CD4+ T cells",https://www.ncbi.nlm.nih.gov/pmc/articles/PMC2614643/,,"in vitro",Sunshine-2016-JVI
data/10-2014/sites/CD4-I-6-18.sites,94,chr8,104244669,F,3p,,,2,2,26912621,"Primary central memory CD4+ T cells",https://www.ncbi.nlm.nih.gov/pmc/articles/PMC2614643/,,"in vitro",Sunshine-2016-JVI
data/10-2014/sites/CD4-I-6-18.sites,53,chr8,146056654,R,5p,,,1,1,26912621,"Primary central memory CD4+ T cells",https://www.ncbi.nlm.nih.gov/pmc/articles/PMC2614643/,,"in vitro",Sunshine-2016-JVI
data/10-2014/sites/CD4-I-6-18.sites,16,chrX,66288341,F,5p,,,1,1,26912621,"Primary central memory CD4+ T cells",https://www.ncbi.nlm.nih.gov/pmc/articles/PMC2614643/,,"in vitro",Sunshine-2016-JVI
data/10-2014/sites/CD4-I-6-18.sites,6,chrX,108374205,F,3p,,,1,1,26912621,"Primary central memory CD4+ T cells",https://www.ncbi.nlm.nih.gov/pmc/articles/PMC2614643/,,"in vitro",Sunshine-2016-JVI
